old_url,new_path,how,content_check
https://newheightseducation.org/,/,same path,ok
https://newheightseducation.org/author/charlotte-p/,/author/charlotte-p/,same path,ok
https://newheightseducation.org/author/daniela-silva/,/author/daniela-silva/,same path,ok
https://newheightseducation.org/author/daniela-silva/page/2/,/author/daniela-silva/page/2/,same path,ok
https://newheightseducation.org/author/heatherruggiero/,/author/heatherruggiero/,same path,ok
https://newheightseducation.org/author/heatherruggiero/page/2/,/author/heatherruggiero/page/2/,same path,ok
https://newheightseducation.org/author/j-ermoian/,/author/j-ermoian/,same path,ok
https://newheightseducation.org/author/khrista-cendana/,/author/khrista-cendana/,same path,ok
https://newheightseducation.org/author/khrista-cendana/page/2/,/author/khrista-cendana/page/2/,same path,ok
https://newheightseducation.org/author/khrista-cendana/page/3/,/author/khrista-cendana/page/3/,same path,ok
https://newheightseducation.org/author/m-anderson/,/author/m-anderson/,same path,ok
https://newheightseducation.org/author/m-anderson/page/10/,/author/m-anderson/page/10/,same path,ok
https://newheightseducation.org/author/m-anderson/page/11/,/author/m-anderson/page/11/,same path,ok
https://newheightseducation.org/author/m-anderson/page/2/,/author/m-anderson/page/2/,same path,ok
https://newheightseducation.org/author/m-anderson/page/3/,/author/m-anderson/page/3/,same path,ok
https://newheightseducation.org/author/m-anderson/page/4/,/author/m-anderson/page/4/,same path,ok
https://newheightseducation.org/author/m-anderson/page/5/,/author/m-anderson/page/5/,same path,ok
https://newheightseducation.org/author/m-anderson/page/6/,/author/m-anderson/page/6/,same path,ok
https://newheightseducation.org/author/m-anderson/page/7/,/author/m-anderson/page/7/,same path,ok
https://newheightseducation.org/author/m-anderson/page/8/,/author/m-anderson/page/8/,same path,ok
https://newheightseducation.org/author/m-anderson/page/9/,/author/m-anderson/page/9/,same path,ok
https://newheightseducation.org/author/m-prabakaran/,/author/m-prabakaran/,same path,ok
https://newheightseducation.org/author/pamela-clark/,/author/pamela-clark/,same path,ok
https://newheightseducation.org/author/pamela-clark/page/2/,/author/pamela-clark/page/2/,same path,ok
https://newheightseducation.org/author/pamela-clark/page/3/,/author/pamela-clark/page/3/,same path,ok
https://newheightseducation.org/author/pamela-clark/page/4/,/author/pamela-clark/page/4/,same path,ok
https://newheightseducation.org/author/pamela-clark/page/5/,/author/pamela-clark/page/5/,same path,ok
https://newheightseducation.org/author/pamela-clark/page/6/,/author/pamela-clark/page/6/,same path,ok
https://newheightseducation.org/author/sarika-g/,/author/sarika-g/,same path,ok
https://newheightseducation.org/author/sarika-g/page/2/,/author/sarika-g/page/2/,same path,ok
https://newheightseducation.org/author/sarika-g/page/3/,/author/sarika-g/page/3/,same path,ok
https://newheightseducation.org/author/savneet-singh/,/author/savneet-singh/,same path,ok
https://newheightseducation.org/author/senadee-a/,/author/senadee-a/,same path,ok
https://newheightseducation.org/author/suh-collins/,/author/suh-collins/,same path,ok
https://newheightseducation.org/author/t-huebner/,/author/t-huebner/,same path,ok
https://newheightseducation.org/cart/,/shop/,stub,redirect
https://newheightseducation.org/category/community-news/,/category/community-news/,same path,ok
https://newheightseducation.org/category/community-news/page/2/,/category/community-news/page/2/,same path,ok
https://newheightseducation.org/category/community-news/page/3/,/category/community-news/page/3/,same path,ok
https://newheightseducation.org/category/course-announcements/,/category/course-announcements/,same path,ok
https://newheightseducation.org/category/education-news/,/category/education-news/,same path,ok
https://newheightseducation.org/category/education-news/page/2/,/category/education-news/page/2/,same path,ok
https://newheightseducation.org/category/educational-articles/,/category/educational-articles/,same path,ok
https://newheightseducation.org/category/educational-articles/page/2/,/category/educational-articles/page/2/,same path,ok
https://newheightseducation.org/category/educational-articles/page/3/,/category/educational-articles/page/3/,same path,ok
https://newheightseducation.org/category/educational-articles/page/4/,/category/educational-articles/page/4/,same path,ok
https://newheightseducation.org/category/educational-articles/page/5/,/category/educational-articles/page/5/,same path,ok
https://newheightseducation.org/category/educational-articles/page/6/,/category/educational-articles/page/6/,same path,ok
https://newheightseducation.org/category/nheg-news/,/category/nheg-news/,same path,ok
https://newheightseducation.org/category/nheg-news/page/10/,/category/nheg-news/page/10/,same path,ok
https://newheightseducation.org/category/nheg-news/page/11/,/category/nheg-news/page/11/,same path,ok
https://newheightseducation.org/category/nheg-news/page/12/,/category/nheg-news/page/12/,same path,ok
https://newheightseducation.org/category/nheg-news/page/13/,/category/nheg-news/page/13/,same path,ok
https://newheightseducation.org/category/nheg-news/page/14/,/category/nheg-news/page/14/,same path,ok
https://newheightseducation.org/category/nheg-news/page/15/,/category/nheg-news/page/15/,same path,ok
https://newheightseducation.org/category/nheg-news/page/2/,/category/nheg-news/page/2/,same path,ok
https://newheightseducation.org/category/nheg-news/page/3/,/category/nheg-news/page/3/,same path,ok
https://newheightseducation.org/category/nheg-news/page/4/,/category/nheg-news/page/4/,same path,ok
https://newheightseducation.org/category/nheg-news/page/5/,/category/nheg-news/page/5/,same path,ok
https://newheightseducation.org/category/nheg-news/page/6/,/category/nheg-news/page/6/,same path,ok
https://newheightseducation.org/category/nheg-news/page/7/,/category/nheg-news/page/7/,same path,ok
https://newheightseducation.org/category/nheg-news/page/8/,/category/nheg-news/page/8/,same path,ok
https://newheightseducation.org/category/nheg-news/page/9/,/category/nheg-news/page/9/,same path,ok
https://newheightseducation.org/category/nheg-radio-show/,/category/nheg-radio-show/,same path,ok
https://newheightseducation.org/category/pamelas-talk/,/category/pamelas-talk/,same path,ok
https://newheightseducation.org/category/student-corner/,/category/student-corner/,same path,ok
https://newheightseducation.org/category/student-corner/page/2/,/category/student-corner/page/2/,same path,ok
https://newheightseducation.org/community-news/10-steps-to-a-successful-college-admission/,/community-news/10-steps-to-a-successful-college-admission/,same path,ok
https://newheightseducation.org/community-news/13429/,/community-news/13429/,same path,ok
https://newheightseducation.org/community-news/american-service-men-and-women-tell-their-stories-of-survival/,/community-news/american-service-men-and-women-tell-their-stories-of-survival/,same path,ok
https://newheightseducation.org/community-news/cirque-de-la-symphonique-concert/,/community-news/cirque-de-la-symphonique-concert/,same path,ok
https://newheightseducation.org/community-news/civic-theatre-in-the-wings/,/community-news/civic-theatre-in-the-wings/,same path,ok
https://newheightseducation.org/community-news/developing-the-creative-potential-of-children/,/community-news/developing-the-creative-potential-of-children/,same path,ok
https://newheightseducation.org/community-news/fire-and-light-events/,/community-news/fire-and-light-events/,same path,ok
https://newheightseducation.org/community-news/fire-and-light-studios-of-fort-wayne-indiana/,/community-news/fire-and-light-studios-of-fort-wayne-indiana/,same path,ok
https://newheightseducation.org/community-news/heartfelt-thanks-special-offer-and-exciting-news-%f0%9f%8c%9f/,/community-news/heartfelt-thanks-special-offer-and-exciting-news-f0-9f-8c-9f/,stub,redirect
https://newheightseducation.org/community-news/homeschool-prom-detroit-michigan/,/community-news/homeschool-prom-detroit-michigan/,same path,ok
https://newheightseducation.org/community-news/integrated-audience-performance/,/community-news/integrated-audience-performance/,same path,ok
https://newheightseducation.org/community-news/national-school-choice-week-2018/,/community-news/national-school-choice-week-2018/,same path,ok
https://newheightseducation.org/community-news/new-heights-educational-group-nheg-wins-silver-stevie-award-in-2024-international-business-awards/,/community-news/new-heights-educational-group-nheg-wins-silver-stevie-award-in-2024-international-business-awards/,same path,ok
https://newheightseducation.org/community-news/new-partner-courses/,/community-news/new-partner-courses/,same path,ok
https://newheightseducation.org/community-news/parker-solar-probe-mission/,/community-news/parker-solar-probe-mission/,same path,ok
https://newheightseducation.org/community-news/scholarship-opportunities/,/community-news/scholarship-opportunities/,same path,ok
https://newheightseducation.org/community-news/spanish-christmas-carols/,/community-news/spanish-christmas-carols/,same path,ok
https://newheightseducation.org/community-news/the-christmas-schooner-auditions/,/community-news/the-christmas-schooner-auditions/,same path,ok
https://newheightseducation.org/community-news/the-dramatist-collective/,/community-news/the-dramatist-collective/,same path,ok
https://newheightseducation.org/community-news/the-yellow-glassess-project/,/community-news/the-yellow-glassess-project/,same path,ok
https://newheightseducation.org/community-news/white-christmas-auditions-in-fort-wayne/,/community-news/white-christmas-auditions-in-fort-wayne/,same path,ok
https://newheightseducation.org/community-news/ymca-homeschoolers-day/,/community-news/ymca-homeschoolers-day/,same path,ok
https://newheightseducation.org/contact-us/,/contact-us/,same path,ok
https://newheightseducation.org/course-announcements/check-out-our-completely-free-2023-course-catalog-and-free-and-discounted-online-course-pages/,/course-announcements/check-out-our-completely-free-2023-course-catalog-and-free-and-discounted-online-course-pages/,same path,ok
https://newheightseducation.org/course-announcements/japanese-live-classes-will-start-july-9th/,/course-announcements/japanese-live-classes-will-start-july-9th/,same path,ok
https://newheightseducation.org/course-announcements/sign-up-for-the-basic-advanced-japanese-courses/,/course-announcements/sign-up-for-the-basic-advanced-japanese-courses/,same path,ok
https://newheightseducation.org/donation-confirmation/,/support-nheg/,stub,redirect
https://newheightseducation.org/donation-failed/,/support-nheg/,stub,redirect
https://newheightseducation.org/donation-history/,/support-nheg/,stub,redirect
https://newheightseducation.org/donor-dashboard-2/,/support-nheg/,stub,redirect
https://newheightseducation.org/education-news/2018-exam-dates/,/education-news/2018-exam-dates/,same path,ok
https://newheightseducation.org/education-news/allen-county-fairgrounds-free-science-class-field-trip/,/education-news/allen-county-fairgrounds-free-science-class-field-trip/,same path,ok
https://newheightseducation.org/education-news/bullock-texas-state-history-museum/,/education-news/bullock-texas-state-history-museum/,same path,ok
https://newheightseducation.org/education-news/clt-test-dates-in-defiance-ohio/,/education-news/clt-test-dates-in-defiance-ohio/,same path,ok
https://newheightseducation.org/education-news/college-credit-plus-process-2017/,/education-news/college-credit-plus-process-2017/,same path,ok
https://newheightseducation.org/education-news/endangered-the-mexican-grey-wolf/,/education-news/endangered-the-mexican-grey-wolf/,same path,ok
https://newheightseducation.org/education-news/partnership-with-collegexpress/,/education-news/partnership-with-collegexpress/,same path,ok
https://newheightseducation.org/education-news/pokemon-tcg/,/education-news/pokemon-tcg/,same path,ok
https://newheightseducation.org/education-news/recognition-day-2018-thank-you-volunteers/,/education-news/recognition-day-2018-thank-you-volunteers/,same path,ok
https://newheightseducation.org/education-news/safety-for-kids-heading-into-chat-rooms/,/education-news/safety-for-kids-heading-into-chat-rooms/,same path,ok
https://newheightseducation.org/educational-articles/andragogy-construction-knowledge-adulthood/,/educational-articles/andragogy-construction-knowledge-adulthood/,same path,ok
https://newheightseducation.org/educational-articles/anime-education-what-is-anime/,/educational-articles/anime-education-what-is-anime/,same path,ok
https://newheightseducation.org/educational-articles/bite-size-information-for-teaching-and-training/,/educational-articles/bite-size-information-for-teaching-and-training/,same path,ok
https://newheightseducation.org/educational-articles/choosing-the-right-sport/,/educational-articles/choosing-the-right-sport/,same path,ok
https://newheightseducation.org/educational-articles/claudette-colvin/,/educational-articles/claudette-colvin/,same path,ok
https://newheightseducation.org/educational-articles/collaborative-learning-online-environment/,/educational-articles/collaborative-learning-online-environment/,same path,ok
https://newheightseducation.org/educational-articles/distance-education-option/,/educational-articles/distance-education-option/,same path,ok
https://newheightseducation.org/educational-articles/education-on-star-trek/,/educational-articles/education-on-star-trek/,same path,ok
https://newheightseducation.org/educational-articles/education-pokemon-go/,/educational-articles/education-pokemon-go/,same path,ok
https://newheightseducation.org/educational-articles/electronic-basics/,/educational-articles/electronic-basics/,same path,ok
https://newheightseducation.org/educational-articles/exciting-news-for-the-high-school-symposium-and-college-fair/,/educational-articles/exciting-news-for-the-high-school-symposium-and-college-fair/,same path,ok
https://newheightseducation.org/educational-articles/fee-stories-2/,/educational-articles/fee-stories-2/,same path,ok
https://newheightseducation.org/educational-articles/fee-stories-why-college-degrees-are-losing-their-value/,/educational-articles/fee-stories-why-college-degrees-are-losing-their-value/,same path,ok
https://newheightseducation.org/educational-articles/fee-stories/,/educational-articles/fee-stories/,same path,ok
https://newheightseducation.org/educational-articles/fetal-alcohol-syndrome-in-a-childs-school-education/,/educational-articles/fetal-alcohol-syndrome-in-a-childs-school-education/,same path,ok
https://newheightseducation.org/educational-articles/from-the-world-of-imagination-a-day-in-the-park-with-preschool-students/,/educational-articles/from-the-world-of-imagination-a-day-in-the-park-with-preschool-students/,same path,ok
https://newheightseducation.org/educational-articles/games-and-learning/,/educational-articles/games-and-learning/,same path,ok
https://newheightseducation.org/educational-articles/grade-inflation-eats-away-at-the-meaning-of-college/,/educational-articles/grade-inflation-eats-away-at-the-meaning-of-college/,same path,ok
https://newheightseducation.org/educational-articles/harriet-tubman/,/educational-articles/harriet-tubman/,same path,ok
https://newheightseducation.org/educational-articles/healthy-brain-healthy-life/,/educational-articles/healthy-brain-healthy-life/,same path,ok
https://newheightseducation.org/educational-articles/high-school-diploma/,/educational-articles/high-school-diploma/,same path,ok
https://newheightseducation.org/educational-articles/homeschooling-a-new-perspective-of-educating/,/educational-articles/homeschooling-a-new-perspective-of-educating/,same path,ok
https://newheightseducation.org/educational-articles/homeschooling/,/educational-articles/homeschooling/,same path,ok
https://newheightseducation.org/educational-articles/how-to-effectively-manage-your-time/,/educational-articles/how-to-effectively-manage-your-time/,same path,ok
https://newheightseducation.org/educational-articles/important-things-i-learned-from-my-learning-disability/,/educational-articles/important-things-i-learned-from-my-learning-disability/,same path,ok
https://newheightseducation.org/educational-articles/instructors-role-online-learning/,/educational-articles/instructors-role-online-learning/,same path,ok
https://newheightseducation.org/educational-articles/intelligence/,/educational-articles/intelligence/,same path,ok
https://newheightseducation.org/educational-articles/is-education-important-for-kids-to-succeed/,/educational-articles/is-education-important-for-kids-to-succeed/,same path,ok
https://newheightseducation.org/educational-articles/is-volunteering-worth-the-time/,/educational-articles/is-volunteering-worth-the-time/,same path,ok
https://newheightseducation.org/educational-articles/language-learning-libraries/,/educational-articles/language-learning-libraries/,same path,ok
https://newheightseducation.org/educational-articles/latchkey-child/,/educational-articles/latchkey-child/,same path,ok
https://newheightseducation.org/educational-articles/leadership/,/educational-articles/leadership/,same path,ok
https://newheightseducation.org/educational-articles/making-writing-interesting-for-students/,/educational-articles/making-writing-interesting-for-students/,same path,ok
https://newheightseducation.org/educational-articles/malcolm-x/,/educational-articles/malcolm-x/,same path,ok
https://newheightseducation.org/educational-articles/martin-luther-king-jr-day/,/educational-articles/martin-luther-king-jr-day/,same path,ok
https://newheightseducation.org/educational-articles/memories-of-a-childhood-rich-in-stimulus-and-its-importance-for-brain-development/,/educational-articles/memories-of-a-childhood-rich-in-stimulus-and-its-importance-for-brain-development/,same path,ok
https://newheightseducation.org/educational-articles/multimedias-impact-literacy/,/educational-articles/multimedias-impact-literacy/,same path,ok
https://newheightseducation.org/educational-articles/nelson-medela/,/educational-articles/nelson-medela/,same path,ok
https://newheightseducation.org/educational-articles/neuro-linguistic-programming-in-school-education/,/educational-articles/neuro-linguistic-programming-in-school-education/,same path,ok
https://newheightseducation.org/educational-articles/neuroplasticity-montessori-science-behind-montessori-education/,/educational-articles/neuroplasticity-montessori-science-behind-montessori-education/,same path,ok
https://newheightseducation.org/educational-articles/neuroscience-and-brain-child-development/,/educational-articles/neuroscience-and-brain-child-development/,same path,ok
https://newheightseducation.org/educational-articles/nintendo-switch-games-for-learning/,/educational-articles/nintendo-switch-games-for-learning/,same path,ok
https://newheightseducation.org/educational-articles/online-learning-tips/,/educational-articles/online-learning-tips/,same path,ok
https://newheightseducation.org/educational-articles/online-tutoring-child/,/educational-articles/online-tutoring-child/,same path,ok
https://newheightseducation.org/educational-articles/pedagogical-work-in-children-with-developmental-disorders/,/educational-articles/pedagogical-work-in-children-with-developmental-disorders/,same path,ok
https://newheightseducation.org/educational-articles/pubic-vs-private-schools/,/educational-articles/pubic-vs-private-schools/,same path,ok
https://newheightseducation.org/educational-articles/savantism-multiple-intelligences/,/educational-articles/savantism-multiple-intelligences/,same path,ok
https://newheightseducation.org/educational-articles/sensory-and-motor-skills-in-children-with-developmental-disorders/,/educational-articles/sensory-and-motor-skills-in-children-with-developmental-disorders/,same path,ok
https://newheightseducation.org/educational-articles/snow-leopard-the-ghost-of-the-mountains/,/educational-articles/snow-leopard-the-ghost-of-the-mountains/,same path,ok
https://newheightseducation.org/educational-articles/teaching-harry-potter-in-school/,/educational-articles/teaching-harry-potter-in-school/,same path,ok
https://newheightseducation.org/educational-articles/technology-educational-development-adults/,/educational-articles/technology-educational-development-adults/,same path,ok
https://newheightseducation.org/educational-articles/the-importance-of-safety-ii-human-trafficking/,/educational-articles/the-importance-of-safety-ii-human-trafficking/,same path,ok
https://newheightseducation.org/educational-articles/the-importance-of-travel-safety-part-i/,/educational-articles/the-importance-of-travel-safety-part-i/,same path,ok
https://newheightseducation.org/educational-articles/valentines-day/,/educational-articles/valentines-day/,same path,ok
https://newheightseducation.org/educational-articles/volunteer-education-developing-citizenship-and-solidarity/,/educational-articles/volunteer-education-developing-citizenship-and-solidarity/,same path,ok
https://newheightseducation.org/educational-articles/what-is-bullying-and-how-to-deal-with-it/,/educational-articles/what-is-bullying-and-how-to-deal-with-it/,same path,ok
https://newheightseducation.org/educational-articles/what-is-personalized-elearning-experience/,/educational-articles/what-is-personalized-elearning-experience/,same path,ok
https://newheightseducation.org/educational-articles/what-is-spring-to-me/,/educational-articles/what-is-spring-to-me/,same path,ok
https://newheightseducation.org/educational-articles/what-thanksgiving-is-all-about/,/educational-articles/what-thanksgiving-is-all-about/,same path,ok
https://newheightseducation.org/educational-articles/why-charter-school/,/educational-articles/why-charter-school/,same path,ok
https://newheightseducation.org/events/,/events/,same path,ok
https://newheightseducation.org/events/national-school-choice-week/,/events/national-school-choice-week/,same path,ok
https://newheightseducation.org/events/nheg-enrichment-day/,/events/nheg-enrichment-day/,same path,ok
https://newheightseducation.org/events/nheg-home-charter-school-graduation/,/events/nheg-home-charter-school-graduation/,same path,ok
https://newheightseducation.org/events/prom/,/events/prom/,same path,ok
https://newheightseducation.org/events/recognition-day/,/events/recognition-day/,same path,ok
https://newheightseducation.org/events/school-bag-give-away/,/events/school-bag-give-away/,same path,ok
https://newheightseducation.org/first-book-access-request/,/first-book-access-request/,same path,ok
https://newheightseducation.org/footer-area/,/footer-area/,same path,ok
https://newheightseducation.org/my-account/,/shop/,stub,redirect
https://newheightseducation.org/nheg-blog/,/nheg-blog/,same path,ok
https://newheightseducation.org/nheg-blog/page/10/,/nheg-blog/page/10/,same path,ok
https://newheightseducation.org/nheg-blog/page/11/,/nheg-blog/page/11/,same path,ok
https://newheightseducation.org/nheg-blog/page/12/,/nheg-blog/page/12/,same path,ok
https://newheightseducation.org/nheg-blog/page/13/,/nheg-blog/page/13/,same path,ok
https://newheightseducation.org/nheg-blog/page/14/,/nheg-blog/page/14/,same path,ok
https://newheightseducation.org/nheg-blog/page/15/,/nheg-blog/page/15/,same path,ok
https://newheightseducation.org/nheg-blog/page/16/,/nheg-blog/page/16/,same path,ok
https://newheightseducation.org/nheg-blog/page/17/,/nheg-blog/page/17/,same path,ok
https://newheightseducation.org/nheg-blog/page/18/,/nheg-blog/page/18/,same path,ok
https://newheightseducation.org/nheg-blog/page/19/,/nheg-blog/page/19/,same path,ok
https://newheightseducation.org/nheg-blog/page/2/,/nheg-blog/page/2/,same path,ok
https://newheightseducation.org/nheg-blog/page/20/,/nheg-blog/page/20/,same path,ok
https://newheightseducation.org/nheg-blog/page/21/,/nheg-blog/page/21/,same path,ok
https://newheightseducation.org/nheg-blog/page/22/,/nheg-blog/page/22/,same path,ok
https://newheightseducation.org/nheg-blog/page/23/,/nheg-blog/page/23/,same path,ok
https://newheightseducation.org/nheg-blog/page/24/,/nheg-blog/page/24/,same path,ok
https://newheightseducation.org/nheg-blog/page/25/,/nheg-blog/page/25/,same path,ok
https://newheightseducation.org/nheg-blog/page/26/,/nheg-blog/page/26/,same path,ok
https://newheightseducation.org/nheg-blog/page/27/,/nheg-blog/page/27/,same path,ok
https://newheightseducation.org/nheg-blog/page/28/,/nheg-blog/page/28/,same path,ok
https://newheightseducation.org/nheg-blog/page/29/,/nheg-blog/page/29/,same path,ok
https://newheightseducation.org/nheg-blog/page/3/,/nheg-blog/page/3/,same path,ok
https://newheightseducation.org/nheg-blog/page/30/,/nheg-blog/page/30/,same path,ok
https://newheightseducation.org/nheg-blog/page/31/,/nheg-blog/page/31/,same path,ok
https://newheightseducation.org/nheg-blog/page/32/,/nheg-blog/page/32/,same path,ok
https://newheightseducation.org/nheg-blog/page/33/,/nheg-blog/page/33/,same path,ok
https://newheightseducation.org/nheg-blog/page/34/,/nheg-blog/page/34/,same path,ok
https://newheightseducation.org/nheg-blog/page/35/,/nheg-blog/page/35/,same path,ok
https://newheightseducation.org/nheg-blog/page/36/,/nheg-blog/page/36/,same path,ok
https://newheightseducation.org/nheg-blog/page/37/,/nheg-blog/page/37/,same path,ok
https://newheightseducation.org/nheg-blog/page/38/,/nheg-blog/page/38/,same path,ok
https://newheightseducation.org/nheg-blog/page/39/,/nheg-blog/page/39/,same path,ok
https://newheightseducation.org/nheg-blog/page/4/,/nheg-blog/page/4/,same path,ok
https://newheightseducation.org/nheg-blog/page/40/,/nheg-blog/page/40/,same path,ok
https://newheightseducation.org/nheg-blog/page/41/,/nheg-blog/page/41/,same path,ok
https://newheightseducation.org/nheg-blog/page/5/,/nheg-blog/page/5/,same path,ok
https://newheightseducation.org/nheg-blog/page/6/,/nheg-blog/page/6/,same path,ok
https://newheightseducation.org/nheg-blog/page/7/,/nheg-blog/page/7/,same path,ok
https://newheightseducation.org/nheg-blog/page/8/,/nheg-blog/page/8/,same path,ok
https://newheightseducation.org/nheg-blog/page/9/,/nheg-blog/page/9/,same path,ok
https://newheightseducation.org/nheg-blog/the-new-heights-educational-group-has-been-honored-as-a-bronze-winner-in-the-thestevieawards-winner-in-the-23rd-annual-international-business-awards-for-nonprofit-or-government-organizations/,/nheg-blog/the-new-heights-educational-group-has-been-honored-as-a-bronze-winner-in-the-thestevieawards-winner-in-the-23rd-annual-international-business-awards-for-nonprofit-or-government-organizations/,same path,ok
https://newheightseducation.org/nheg-educational-programs/,/nheg-educational-programs/,same path,ok
https://newheightseducation.org/nheg-educational-programs/home-school-guidance-programs/,/nheg-educational-programs/home-school-guidance-programs/,same path,ok
https://newheightseducation.org/nheg-educational-programs/nheg-tracking-student-growth/,/nheg-educational-programs/nheg-tracking-student-growth/,same path,ok
https://newheightseducation.org/nheg-educational-programs/nheg-tracking-student-growth/nheg-assessment/,/nheg-educational-programs/nheg-tracking-student-growth/nheg-assessment/,same path,ok
https://newheightseducation.org/nheg-educational-programs/nheg-travel/,/nheg-educational-programs/nheg-travel/,same path,ok
https://newheightseducation.org/nheg-educational-programs/nheg-tutoring-program/,/nheg-educational-programs/nheg-tutoring-program/,same path,ok
https://newheightseducation.org/nheg-educational-programs/nheg-tutoring-program/nheg-tutoring-request-form/,/nheg-educational-programs/nheg-tutoring-program/nheg-tutoring-request-form/,same path,ok
https://newheightseducation.org/nheg-educational-programs/sponsor-a-student/,/nheg-educational-programs/sponsor-a-student/,same path,ok
https://newheightseducation.org/nheg-educational-programs/virtual-reading-program/,/nheg-educational-programs/virtual-reading-program/,same path,ok
https://newheightseducation.org/nheg-news/1000-grant-from-defiance-area-foundation/,/nheg-news/1000-grant-from-defiance-area-foundation/,same path,ok
https://newheightseducation.org/nheg-news/12th-annual-golden-bridge-business-and-innovation-awards/,/nheg-news/12th-annual-golden-bridge-business-and-innovation-awards/,same path,ok
https://newheightseducation.org/nheg-news/2017-serveohio-award/,/nheg-news/2017-serveohio-award/,same path,ok
https://newheightseducation.org/nheg-news/2017-top-rated-nonprofits-award/,/nheg-news/2017-top-rated-nonprofits-award/,same path,ok
https://newheightseducation.org/nheg-news/2019-bronze-stevie-american-business-awards-winner/,/nheg-news/2019-bronze-stevie-american-business-awards-winner/,same path,ok
https://newheightseducation.org/nheg-news/2019-golden-bridge-awards/,/nheg-news/2019-golden-bridge-awards/,same path,ok
https://newheightseducation.org/nheg-news/2020-customer-sales-and-service-world-awards/,/nheg-news/2020-customer-sales-and-service-world-awards/,same path,ok
https://newheightseducation.org/nheg-news/2020-pillar-world-awards-winner/,/nheg-news/2020-pillar-world-awards-winner/,same path,ok
https://newheightseducation.org/nheg-news/2020-stevie-awards-finalist/,/nheg-news/2020-stevie-awards-finalist/,same path,ok
https://newheightseducation.org/nheg-news/2020-stevie-awards-winner/,/nheg-news/2020-stevie-awards-winner/,same path,ok
https://newheightseducation.org/nheg-news/2021-american-business-awards-stevie-award-winner/,/nheg-news/2021-american-business-awards-stevie-award-winner/,same path,ok
https://newheightseducation.org/nheg-news/2021-international-business-awards/,/nheg-news/2021-international-business-awards/,same path,ok
https://newheightseducation.org/nheg-news/2022-american-business-awards-stevie-award-winner/,/nheg-news/2022-american-business-awards-stevie-award-winner/,same path,ok
https://newheightseducation.org/nheg-news/2nd-annual-school-bag-giveaway-after-party/,/nheg-news/2nd-annual-school-bag-giveaway-after-party/,same path,ok
https://newheightseducation.org/nheg-news/2nd-annual-school-bag-giveaway/,/nheg-news/2nd-annual-school-bag-giveaway/,same path,ok
https://newheightseducation.org/nheg-news/aba-2018-silver-stevie-award-winner/,/nheg-news/aba-2018-silver-stevie-award-winner/,same path,ok
https://newheightseducation.org/nheg-news/acquisition-internationals-2021-award-winner/,/nheg-news/acquisition-internationals-2021-award-winner/,same path,ok
https://newheightseducation.org/nheg-news/additional-2020-stevie-awards/,/nheg-news/additional-2020-stevie-awards/,same path,ok
https://newheightseducation.org/nheg-news/an-exciting-year-ahead/,/nheg-news/an-exciting-year-ahead/,same path,ok
https://newheightseducation.org/nheg-news/autism-spectrum-disorder/,/nheg-news/autism-spectrum-disorder/,same path,ok
https://newheightseducation.org/nheg-news/cheo-commencement-ceremony/,/nheg-news/cheo-commencement-ceremony/,same path,ok
https://newheightseducation.org/nheg-news/classic-learning-test-continual-support/,/nheg-news/classic-learning-test-continual-support/,same path,ok
https://newheightseducation.org/nheg-news/defiance-digital-media-club-interviews-with-pamela-clark/,/nheg-news/defiance-digital-media-club-interviews-with-pamela-clark/,same path,ok
https://newheightseducation.org/nheg-news/developing-potential-children-attention-hyperactivity-disorder/,/nheg-news/developing-potential-children-attention-hyperactivity-disorder/,same path,ok
https://newheightseducation.org/nheg-news/discover-your-origins-and-connect-with-dna-relatives/,/nheg-news/discover-your-origins-and-connect-with-dna-relatives/,same path,ok
https://newheightseducation.org/nheg-news/disney-park-hopper-tickets-raffle/,/nheg-news/disney-park-hopper-tickets-raffle/,same path,ok
https://newheightseducation.org/nheg-news/easytoons-educational-anecdotes-for-struggling-youth/,/nheg-news/easytoons-educational-anecdotes-for-struggling-youth/,same path,ok
https://newheightseducation.org/nheg-news/edgar-allan-poe-the-midnight-collection/,/nheg-news/edgar-allan-poe-the-midnight-collection/,same path,ok
https://newheightseducation.org/nheg-news/finalist-in-the-2019-stevie-awards/,/nheg-news/finalist-in-the-2019-stevie-awards/,same path,ok
https://newheightseducation.org/nheg-news/frani-wyner-avdd-photography/,/nheg-news/frani-wyner-avdd-photography/,same path,ok
https://newheightseducation.org/nheg-news/get-your-school-bag-today-we-have-70-bags/,/nheg-news/get-your-school-bag-today-we-have-70-bags/,same path,ok
https://newheightseducation.org/nheg-news/giving-tuesday-for-nheg/,/nheg-news/giving-tuesday-for-nheg/,same path,ok
https://newheightseducation.org/nheg-news/globee-awards-media-hero-of-the-year/,/nheg-news/globee-awards-media-hero-of-the-year/,same path,ok
https://newheightseducation.org/nheg-news/globee-awards-wins-part-2/,/nheg-news/globee-awards-wins-part-2/,same path,ok
https://newheightseducation.org/nheg-news/gold-and-silver-stevie-awards-in-international-business/,/nheg-news/gold-and-silver-stevie-awards-in-international-business/,same path,ok
https://newheightseducation.org/nheg-news/golden-bridge-awards-making-impact-executive-of-the-year/,/nheg-news/golden-bridge-awards-making-impact-executive-of-the-year/,same path,ok
https://newheightseducation.org/nheg-news/health-is-your-wealth-magazine-book-review/,/nheg-news/health-is-your-wealth-magazine-book-review/,same path,ok
https://newheightseducation.org/nheg-news/heroes-of-liberty-partnership/,/nheg-news/heroes-of-liberty-partnership/,same path,ok
https://newheightseducation.org/nheg-news/holiday-giving-from-nheg/,/nheg-news/holiday-giving-from-nheg/,same path,ok
https://newheightseducation.org/nheg-news/home-education-council-of-america-guest-speaker/,/nheg-news/home-education-council-of-america-guest-speaker/,same path,ok
https://newheightseducation.org/nheg-news/home-school-qa-center/,/nheg-news/home-school-qa-center/,same path,ok
https://newheightseducation.org/nheg-news/in-the-wings-performance/,/nheg-news/in-the-wings-performance/,same path,ok
https://newheightseducation.org/nheg-news/interview-nheg-founderdirector-online-learning/,/nheg-news/interview-nheg-founderdirector-online-learning/,same path,ok
https://newheightseducation.org/nheg-news/letter-from-ohio-house-of-representatives/,/nheg-news/letter-from-ohio-house-of-representatives/,same path,ok
https://newheightseducation.org/nheg-news/looking-library-space/,/nheg-news/looking-library-space/,same path,ok
https://newheightseducation.org/nheg-news/most-outstanding-literacy-promotion-support-npo-midwest-by-global-business-insights-awards/,/nheg-news/most-outstanding-literacy-promotion-support-npo-midwest-by-global-business-insights-awards/,same path,ok
https://newheightseducation.org/nheg-news/musical-audition-notice/,/nheg-news/musical-audition-notice/,same path,ok
https://newheightseducation.org/nheg-news/national-school-choice-week/,/nheg-news/national-school-choice-week/,same path,ok
https://newheightseducation.org/nheg-news/new-heights-10th-anniversary/,/nheg-news/new-heights-10th-anniversary/,same path,ok
https://newheightseducation.org/nheg-news/new-heights-educational-group-named-gold-globee-winner/,/nheg-news/new-heights-educational-group-named-gold-globee-winner/,same path,ok
https://newheightseducation.org/nheg-news/new-heights-educational-group-status/,/nheg-news/new-heights-educational-group-status/,same path,ok
https://newheightseducation.org/nheg-news/new-heights-educational-group-volunteer-stats/,/nheg-news/new-heights-educational-group-volunteer-stats/,same path,ok
https://newheightseducation.org/nheg-news/new-heights-educational-group/,/nheg-news/new-heights-educational-group/,same path,ok
https://newheightseducation.org/nheg-news/new-nheg-board-member-jon-aiken/,/nheg-news/new-nheg-board-member-jon-aiken/,same path,ok
https://newheightseducation.org/nheg-news/new-partnership-with-fee/,/nheg-news/new-partnership-with-fee/,same path,ok
https://newheightseducation.org/nheg-news/new-partnership-with-kelly-bear-our-new-japanese-course/,/nheg-news/new-partnership-with-kelly-bear-our-new-japanese-course/,same path,ok
https://newheightseducation.org/nheg-news/new-teirs-added-to-nheg-reading-program/,/nheg-news/new-teirs-added-to-nheg-reading-program/,same path,ok
https://newheightseducation.org/nheg-news/new-volunteer-jeff-ermoian/,/nheg-news/new-volunteer-jeff-ermoian/,same path,ok
https://newheightseducation.org/nheg-news/nheg-2017-stevie-awards-winner/,/nheg-news/nheg-2017-stevie-awards-winner/,same path,ok
https://newheightseducation.org/nheg-news/nheg-announces-partnership-with-vedder-therapy/,/nheg-news/nheg-announces-partnership-with-vedder-therapy/,same path,ok
https://newheightseducation.org/nheg-news/nheg-awarded-500-marco-promotional-products/,/nheg-news/nheg-awarded-500-marco-promotional-products/,same path,ok
https://newheightseducation.org/nheg-news/nheg-brochure/,/nheg-news/nheg-brochure/,same path,ok
https://newheightseducation.org/nheg-news/nheg-earns-2019-platinum-seal-of-transparency/,/nheg-news/nheg-earns-2019-platinum-seal-of-transparency/,same path,ok
https://newheightseducation.org/nheg-news/nheg-for-givingtuesday/,/nheg-news/nheg-for-givingtuesday/,same path,ok
https://newheightseducation.org/nheg-news/nheg-graphic-design-dept-promotion-and-goodbye/,/nheg-news/nheg-graphic-design-dept-promotion-and-goodbye/,same path,ok
https://newheightseducation.org/nheg-news/nheg-great-nonprofits-top-rated-award-2016/,/nheg-news/nheg-great-nonprofits-top-rated-award-2016/,same path,ok
https://newheightseducation.org/nheg-news/nheg-is-2022-stevie-awards-winner/,/nheg-news/nheg-is-2022-stevie-awards-winner/,same path,ok
https://newheightseducation.org/nheg-news/nheg-joins-voice-america-talk-radio-network/,/nheg-news/nheg-joins-voice-america-talk-radio-network/,same path,ok
https://newheightseducation.org/nheg-news/nheg-live-performance-civic-theatre-for-those-in-fort-wayne-and-nw-ohio-area/,/nheg-news/nheg-live-performance-civic-theatre-for-those-in-fort-wayne-and-nw-ohio-area/,same path,ok
https://newheightseducation.org/nheg-news/nheg-named-best-children-adults-literacy-group/,/nheg-news/nheg-named-best-children-adults-literacy-group/,same path,ok
https://newheightseducation.org/nheg-news/nheg-offers-qa-centers-for-parents-with-school-age-children/,/nheg-news/nheg-offers-qa-centers-for-parents-with-school-age-children/,same path,ok
https://newheightseducation.org/nheg-news/nheg-partnering-with-tutorfly/,/nheg-news/nheg-partnering-with-tutorfly/,same path,ok
https://newheightseducation.org/nheg-news/nheg-partners-health-is-your-wealth/,/nheg-news/nheg-partners-health-is-your-wealth/,same path,ok
https://newheightseducation.org/nheg-news/nheg-partners-touch-type-read-and-spell/,/nheg-news/nheg-partners-touch-type-read-and-spell/,same path,ok
https://newheightseducation.org/nheg-news/nheg-photo-contest-2017-winner/,/nheg-news/nheg-photo-contest-2017-winner/,same path,ok
https://newheightseducation.org/nheg-news/nheg-photo-contest/,/nheg-news/nheg-photo-contest/,same path,ok
https://newheightseducation.org/nheg-news/nheg-promotion-bassey-arikpo/,/nheg-news/nheg-promotion-bassey-arikpo/,same path,ok
https://newheightseducation.org/nheg-news/nheg-promotion-divya-rani/,/nheg-news/nheg-promotion-divya-rani/,same path,ok
https://newheightseducation.org/nheg-news/nheg-promotions/,/nheg-news/nheg-promotions/,same path,ok
https://newheightseducation.org/nheg-news/nheg-radio-has-hit-100000-listeners/,/nheg-news/nheg-radio-has-hit-100000-listeners/,same path,ok
https://newheightseducation.org/nheg-news/nheg-radio-hits-500th-episode/,/nheg-news/nheg-radio-hits-500th-episode/,same path,ok
https://newheightseducation.org/nheg-news/nheg-receives-grant-jane-goodall-institute/,/nheg-news/nheg-receives-grant-jane-goodall-institute/,same path,ok
https://newheightseducation.org/nheg-news/nheg-receives-grant-walmart/,/nheg-news/nheg-receives-grant-walmart/,same path,ok
https://newheightseducation.org/nheg-news/nheg-recognition-day-2017-event/,/nheg-news/nheg-recognition-day-2017-event/,same path,ok
https://newheightseducation.org/nheg-news/nheg-recognition-day-2018/,/nheg-news/nheg-recognition-day-2018/,same path,ok
https://newheightseducation.org/nheg-news/nheg-recognition-day-2019/,/nheg-news/nheg-recognition-day-2019/,same path,ok
https://newheightseducation.org/nheg-news/nheg-recognition-day-2021-highlights/,/nheg-news/nheg-recognition-day-2021-highlights/,same path,ok
https://newheightseducation.org/nheg-news/nheg-recognition-day-2021/,/nheg-news/nheg-recognition-day-2021/,same path,ok
https://newheightseducation.org/nheg-news/nheg-recognition-day-2022/,/nheg-news/nheg-recognition-day-2022/,same path,ok
https://newheightseducation.org/nheg-news/nheg-recognition-day-2024/,/nheg-news/nheg-recognition-day-2024/,same path,ok
https://newheightseducation.org/nheg-news/nheg-recognition-from-ohio-eagle-river-nomination/,/nheg-news/nheg-recognition-from-ohio-eagle-river-nomination/,same path,ok
https://newheightseducation.org/nheg-news/nheg-school-sale/,/nheg-news/nheg-school-sale/,same path,ok
https://newheightseducation.org/nheg-news/nheg-school-supplies-event-dinner/,/nheg-news/nheg-school-supplies-event-dinner/,same path,ok
https://newheightseducation.org/nheg-news/nheg-sponsorship-ads/,/nheg-news/nheg-sponsorship-ads/,same path,ok
https://newheightseducation.org/nheg-news/nheg-volunteer-book-contest/,/nheg-news/nheg-volunteer-book-contest/,same path,ok
https://newheightseducation.org/nheg-news/nheg-volunteer-news/,/nheg-news/nheg-volunteer-news/,same path,ok
https://newheightseducation.org/nheg-news/nheg-welcomes-back-kaden-behan/,/nheg-news/nheg-welcomes-back-kaden-behan/,same path,ok
https://newheightseducation.org/nheg-news/nheg-welcomes-radio-host-buffie-williams/,/nheg-news/nheg-welcomes-radio-host-buffie-williams/,same path,ok
https://newheightseducation.org/nheg-news/nheg-welcomes-radio-host-karen-muzzall/,/nheg-news/nheg-welcomes-radio-host-karen-muzzall/,same path,ok
https://newheightseducation.org/nheg-news/nheg-win-2021-silver-stevie-award-for-women-in-business/,/nheg-news/nheg-win-2021-silver-stevie-award-for-women-in-business/,same path,ok
https://newheightseducation.org/nheg-news/nheg-writing-contest/,/nheg-news/nheg-writing-contest/,same path,ok
https://newheightseducation.org/nheg-news/nhegs-10th-anniversary-interview/,/nheg-news/nhegs-10th-anniversary-interview/,same path,ok
https://newheightseducation.org/nheg-news/nhegs-renewed-partnership-with-izzit/,/nheg-news/nhegs-renewed-partnership-with-izzit/,same path,ok
https://newheightseducation.org/nheg-news/nhegs-support-classic-learning-test/,/nheg-news/nhegs-support-classic-learning-test/,same path,ok
https://newheightseducation.org/nheg-news/nshss-recognition/,/nheg-news/nshss-recognition/,same path,ok
https://newheightseducation.org/nheg-news/ocd-at-school-and-its-impact-on-the-student/,/nheg-news/ocd-at-school-and-its-impact-on-the-student/,same path,ok
https://newheightseducation.org/nheg-news/online-raffle/,/nheg-news/online-raffle/,same path,ok
https://newheightseducation.org/nheg-news/pamela-clark-named-bronze-winner-in-2019-stevie-awards/,/nheg-news/pamela-clark-named-bronze-winner-in-2019-stevie-awards/,same path,ok
https://newheightseducation.org/nheg-news/pamela-clark-recognized-givingtuesday/,/nheg-news/pamela-clark-recognized-givingtuesday/,same path,ok
https://newheightseducation.org/nheg-news/partnership-detray-chiropractic/,/nheg-news/partnership-detray-chiropractic/,same path,ok
https://newheightseducation.org/nheg-news/partnership-with-cars/,/nheg-news/partnership-with-cars/,same path,ok
https://newheightseducation.org/nheg-news/partnership-with-empower-youth-in-business/,/nheg-news/partnership-with-empower-youth-in-business/,same path,ok
https://newheightseducation.org/nheg-news/partnership-with-national-csi/,/nheg-news/partnership-with-national-csi/,same path,ok
https://newheightseducation.org/nheg-news/partnership-with-natural-born-leaders/,/nheg-news/partnership-with-natural-born-leaders/,same path,ok
https://newheightseducation.org/nheg-news/partnership-with-self-care-supports/,/nheg-news/partnership-with-self-care-supports/,same path,ok
https://newheightseducation.org/nheg-news/partnership-with-svhs/,/nheg-news/partnership-with-svhs/,same path,ok
https://newheightseducation.org/nheg-news/partnership-with-wet-paint-by-wendy/,/nheg-news/partnership-with-wet-paint-by-wendy/,same path,ok
https://newheightseducation.org/nheg-news/peoples-choice-award-nomination-and-voting/,/nheg-news/peoples-choice-award-nomination-and-voting/,same path,ok
https://newheightseducation.org/nheg-news/please-welcome-freddie-bandola-jr-to-nheg-radio/,/nheg-news/please-welcome-freddie-bandola-jr-to-nheg-radio/,same path,ok
https://newheightseducation.org/nheg-news/please-welcome-georgia-woodbine/,/nheg-news/please-welcome-georgia-woodbine/,same path,ok
https://newheightseducation.org/nheg-news/prom-cruise-celebration/,/nheg-news/prom-cruise-celebration/,same path,ok
https://newheightseducation.org/nheg-news/pvsa-recipient-sapna-shukla/,/nheg-news/pvsa-recipient-sapna-shukla/,same path,ok
https://newheightseducation.org/nheg-news/radio-show-google-classrooms/,/nheg-news/radio-show-google-classrooms/,same path,ok
https://newheightseducation.org/nheg-news/recognition-day-2024-press-release/,/nheg-news/recognition-day-2024-press-release/,same path,ok
https://newheightseducation.org/nheg-news/school-choice-leadership-award-2017/,/nheg-news/school-choice-leadership-award-2017/,same path,ok
https://newheightseducation.org/nheg-news/school-supplies/,/nheg-news/school-supplies/,same path,ok
https://newheightseducation.org/nheg-news/stevie-award-for-great-employers-winner/,/nheg-news/stevie-award-for-great-employers-winner/,same path,ok
https://newheightseducation.org/nheg-news/thank-robert-hall/,/nheg-news/thank-robert-hall/,same path,ok
https://newheightseducation.org/nheg-news/thank-you-allstate-foundation-jacqueline-taylor/,/nheg-news/thank-you-allstate-foundation-jacqueline-taylor/,same path,ok
https://newheightseducation.org/nheg-news/the-globee-award-winner/,/nheg-news/the-globee-award-winner/,same path,ok
https://newheightseducation.org/nheg-news/unraveling-series-unraveling-reading/,/nheg-news/unraveling-series-unraveling-reading/,same path,ok
https://newheightseducation.org/nheg-news/update-on-our-recent-school-bag-giveaway/,/nheg-news/update-on-our-recent-school-bag-giveaway/,same path,ok
https://newheightseducation.org/nheg-news/welcome-dr-kristy-taylor/,/nheg-news/welcome-dr-kristy-taylor/,same path,ok
https://newheightseducation.org/nheg-news/welcome-enjoli-baker/,/nheg-news/welcome-enjoli-baker/,same path,ok
https://newheightseducation.org/nheg-news/welcome-maria-lang/,/nheg-news/welcome-maria-lang/,same path,ok
https://newheightseducation.org/nheg-news/welcome-new-nheg-board-members/,/nheg-news/welcome-new-nheg-board-members/,same path,ok
https://newheightseducation.org/nheg-news/welcome-new-radio-show-host-anna-shi/,/nheg-news/welcome-new-radio-show-host-anna-shi/,same path,ok
https://newheightseducation.org/nheg-news/welcome-our-new-radio-host-erika-hanson/,/nheg-news/welcome-our-new-radio-host-erika-hanson/,same path,ok
https://newheightseducation.org/nheg-news/welcome-sheila-wright/,/nheg-news/welcome-sheila-wright/,same path,ok
https://newheightseducation.org/nheg-news/winners-announce-disney-hopper-tickets/,/nheg-news/winners-announce-disney-hopper-tickets/,same path,ok
https://newheightseducation.org/nheg-radio-show/nheg-launches-new-history-on-civil-rights-show/,/nheg-radio-show/nheg-launches-new-history-on-civil-rights-show/,same path,ok
https://newheightseducation.org/nheg-store/,/nheg-store/,same path,ok
https://newheightseducation.org/page/10/,/,stub,redirect
https://newheightseducation.org/page/11/,/,stub,redirect
https://newheightseducation.org/page/12/,/,stub,redirect
https://newheightseducation.org/page/13/,/,stub,redirect
https://newheightseducation.org/page/14/,/,stub,redirect
https://newheightseducation.org/page/15/,/,stub,redirect
https://newheightseducation.org/page/16/,/,stub,redirect
https://newheightseducation.org/page/17/,/,stub,redirect
https://newheightseducation.org/page/18/,/,stub,redirect
https://newheightseducation.org/page/19/,/,stub,redirect
https://newheightseducation.org/page/2/,/,stub,redirect
https://newheightseducation.org/page/20/,/,stub,redirect
https://newheightseducation.org/page/21/,/,stub,redirect
https://newheightseducation.org/page/22/,/,stub,redirect
https://newheightseducation.org/page/23/,/,stub,redirect
https://newheightseducation.org/page/24/,/,stub,redirect
https://newheightseducation.org/page/25/,/,stub,redirect
https://newheightseducation.org/page/26/,/,stub,redirect
https://newheightseducation.org/page/27/,/,stub,redirect
https://newheightseducation.org/page/28/,/,stub,redirect
https://newheightseducation.org/page/29/,/,stub,redirect
https://newheightseducation.org/page/3/,/,stub,redirect
https://newheightseducation.org/page/30/,/,stub,redirect
https://newheightseducation.org/page/31/,/,stub,redirect
https://newheightseducation.org/page/32/,/,stub,redirect
https://newheightseducation.org/page/33/,/,stub,redirect
https://newheightseducation.org/page/34/,/,stub,redirect
https://newheightseducation.org/page/35/,/,stub,redirect
https://newheightseducation.org/page/36/,/,stub,redirect
https://newheightseducation.org/page/37/,/,stub,redirect
https://newheightseducation.org/page/38/,/,stub,redirect
https://newheightseducation.org/page/39/,/,stub,redirect
https://newheightseducation.org/page/4/,/,stub,redirect
https://newheightseducation.org/page/40/,/,stub,redirect
https://newheightseducation.org/page/41/,/,stub,redirect
https://newheightseducation.org/page/42/,/,stub,redirect
https://newheightseducation.org/page/43/,/,stub,redirect
https://newheightseducation.org/page/44/,/,stub,redirect
https://newheightseducation.org/page/45/,/,stub,redirect
https://newheightseducation.org/page/46/,/,stub,redirect
https://newheightseducation.org/page/47/,/,stub,redirect
https://newheightseducation.org/page/48/,/,stub,redirect
https://newheightseducation.org/page/49/,/,stub,redirect
https://newheightseducation.org/page/5/,/,stub,redirect
https://newheightseducation.org/page/50/,/,stub,redirect
https://newheightseducation.org/page/51/,/,stub,redirect
https://newheightseducation.org/page/52/,/,stub,redirect
https://newheightseducation.org/page/53/,/,stub,redirect
https://newheightseducation.org/page/54/,/,stub,redirect
https://newheightseducation.org/page/55/,/,stub,redirect
https://newheightseducation.org/page/56/,/,stub,redirect
https://newheightseducation.org/page/57/,/,stub,redirect
https://newheightseducation.org/page/58/,/,stub,redirect
https://newheightseducation.org/page/59/,/,stub,redirect
https://newheightseducation.org/page/6/,/,stub,redirect
https://newheightseducation.org/page/60/,/,stub,redirect
https://newheightseducation.org/page/61/,/,stub,redirect
https://newheightseducation.org/page/62/,/,stub,redirect
https://newheightseducation.org/page/63/,/,stub,redirect
https://newheightseducation.org/page/64/,/,stub,redirect
https://newheightseducation.org/page/7/,/,stub,redirect
https://newheightseducation.org/page/8/,/,stub,redirect
https://newheightseducation.org/page/9/,/,stub,redirect
https://newheightseducation.org/pamelas-talk/curriculum-choices/,/pamelas-talk/curriculum-choices/,same path,ok
https://newheightseducation.org/pamelas-talk/pamelas-talk-college-credit-plus/,/pamelas-talk/pamelas-talk-college-credit-plus/,same path,ok
https://newheightseducation.org/pamelas-talk/pamelas-talk-college-scholarships-database/,/pamelas-talk/pamelas-talk-college-scholarships-database/,same path,ok
https://newheightseducation.org/pamelas-talk/pamelas-talk-highlights-updates/,/pamelas-talk/pamelas-talk-highlights-updates/,same path,ok
https://newheightseducation.org/pamelas-talk/pamelas-talk-jan-2019/,/pamelas-talk/pamelas-talk-jan-2019/,same path,ok
https://newheightseducation.org/pamelas-talk/pamelas-talk-literacy/,/pamelas-talk/pamelas-talk-literacy/,same path,ok
https://newheightseducation.org/pamelas-talk/pamelas-talk-national-school-choice-week/,/pamelas-talk/pamelas-talk-national-school-choice-week/,same path,ok
https://newheightseducation.org/pamelas-talk/pamelas-talk-nheg-updates-news/,/pamelas-talk/pamelas-talk-nheg-updates-news/,same path,ok
https://newheightseducation.org/pamelas-talk/pamelas-talk-nheg/,/pamelas-talk/pamelas-talk-nheg/,same path,ok
https://newheightseducation.org/pamelas-talk/pamelas-talk-unraveling-reading/,/pamelas-talk/pamelas-talk-unraveling-reading/,same path,ok
https://newheightseducation.org/payment-confirmation/,/payment-confirmation/,same path,ok
https://newheightseducation.org/payment-failed/,/payment-failed/,same path,ok
https://newheightseducation.org/privacy-policy/,/privacy-policy/,same path,ok
https://newheightseducation.org/product-category/clothes/,/product-category/clothes/,same path,ok
https://newheightseducation.org/product-category/leadership-groups/,/product-category/leadership-groups/,same path,ok
https://newheightseducation.org/product-category/leadership-groups/page/2/,/product-category/leadership-groups/page/2/,same path,ok
https://newheightseducation.org/product-category/leadership-groups/page/3/,/product-category/leadership-groups/page/3/,same path,ok
https://newheightseducation.org/product-category/leadership-groups/page/4/,/product-category/leadership-groups/page/4/,same path,ok
https://newheightseducation.org/product-category/nheg-collections/,/product-category/nheg-collections/,same path,ok
https://newheightseducation.org/product-category/nheg-collections/page/2/,/product-category/nheg-collections/page/2/,same path,ok
https://newheightseducation.org/product-category/nheg-collections/page/3/,/product-category/nheg-collections/page/3/,same path,ok
https://newheightseducation.org/product-category/nheg-radio/,/product-category/nheg-radio/,same path,ok
https://newheightseducation.org/product-category/nheg-radio/page/2/,/product-category/nheg-radio/page/2/,same path,ok
https://newheightseducation.org/product/aag-duffel-bag/,/product/aag-duffel-bag/,same path,ok
https://newheightseducation.org/product/aag-unisex-hooded-zip-sweatshirt/,/product/aag-unisex-hooded-zip-sweatshirt/,same path,ok
https://newheightseducation.org/product/aag-unisex-jersey-short-sleeve-tee/,/product/aag-unisex-jersey-short-sleeve-tee/,same path,ok
https://newheightseducation.org/product/baton-corps-unisex-jersey-short-sleeve-tee/,/product/baton-corps-unisex-jersey-short-sleeve-tee/,same path,ok
https://newheightseducation.org/product/color-guard-unisex-jersey-short-sleeve-tee/,/product/color-guard-unisex-jersey-short-sleeve-tee/,same path,ok
https://newheightseducation.org/product/high-waisted-yoga-leggings/,/product/high-waisted-yoga-leggings/,same path,ok
https://newheightseducation.org/product/kids-fine-jersey-tee-2/,/product/kids-fine-jersey-tee-2/,same path,ok
https://newheightseducation.org/product/kids-fine-jersey-tee-3/,/product/kids-fine-jersey-tee-3/,same path,ok
https://newheightseducation.org/product/kids-fine-jersey-tee-4/,/product/kids-fine-jersey-tee-4/,same path,ok
https://newheightseducation.org/product/kids-fine-jersey-tee-5/,/product/kids-fine-jersey-tee-5/,same path,ok
https://newheightseducation.org/product/kids-fine-jersey-tee-6/,/product/kids-fine-jersey-tee-6/,same path,ok
https://newheightseducation.org/product/kids-fine-jersey-tee/,/product/kids-fine-jersey-tee/,same path,ok
https://newheightseducation.org/product/mens-ultra-cotton-tank-top-2/,/product/mens-ultra-cotton-tank-top-2/,same path,ok
https://newheightseducation.org/product/mens-ultra-cotton-tank-top-3/,/product/mens-ultra-cotton-tank-top-3/,same path,ok
https://newheightseducation.org/product/mens-ultra-cotton-tank-top-4/,/product/mens-ultra-cotton-tank-top-4/,same path,ok
https://newheightseducation.org/product/mens-ultra-cotton-tank-top-5/,/product/mens-ultra-cotton-tank-top-5/,same path,ok
https://newheightseducation.org/product/mens-ultra-cotton-tank-top/,/product/mens-ultra-cotton-tank-top/,same path,ok
https://newheightseducation.org/product/new-heights-show-on-education-backpack-made-in-usa/,/product/new-heights-show-on-education-backpack-made-in-usa/,same path,ok
https://newheightseducation.org/product/new-heights-show-on-education-box-chain-bracelet/,/product/new-heights-show-on-education-box-chain-bracelet/,same path,ok
https://newheightseducation.org/product/new-heights-show-on-education-custom-pin-buttons/,/product/new-heights-show-on-education-custom-pin-buttons/,same path,ok
https://newheightseducation.org/product/new-heights-show-on-education-drawstring-bag/,/product/new-heights-show-on-education-drawstring-bag/,same path,ok
https://newheightseducation.org/product/new-heights-show-on-education-metal-pin/,/product/new-heights-show-on-education-metal-pin/,same path,ok
https://newheightseducation.org/product/new-heights-show-on-education-weekender-bag/,/product/new-heights-show-on-education-weekender-bag/,same path,ok
https://newheightseducation.org/product/nheg-aag-metal-pin/,/product/nheg-aag-metal-pin/,same path,ok
https://newheightseducation.org/product/nheg-backpack-made-in-usa/,/product/nheg-backpack-made-in-usa/,same path,ok
https://newheightseducation.org/product/nheg-custom-pin-buttons/,/product/nheg-custom-pin-buttons/,same path,ok
https://newheightseducation.org/product/nheg-duffel-bag/,/product/nheg-duffel-bag/,same path,ok
https://newheightseducation.org/product/nheg-latte-mug/,/product/nheg-latte-mug/,same path,ok
https://newheightseducation.org/product/nheg-metal-pin/,/product/nheg-metal-pin/,same path,ok
https://newheightseducation.org/product/nheg-mousepad-all-logos/,/product/nheg-mousepad-all-logos/,same path,ok
https://newheightseducation.org/product/nheg-mousepad-color/,/product/nheg-mousepad-color/,same path,ok
https://newheightseducation.org/product/nheg-mousepad-mountain-redesign/,/product/nheg-mousepad-mountain-redesign/,same path,ok
https://newheightseducation.org/product/nheg-mousepad-white/,/product/nheg-mousepad-white/,same path,ok
https://newheightseducation.org/product/nheg-mousepad/,/product/nheg-mousepad/,same path,ok
https://newheightseducation.org/product/nheg-mug-11oz/,/product/nheg-mug-11oz/,same path,ok
https://newheightseducation.org/product/nheg-sag-backpack-made-in-usa/,/product/nheg-sag-backpack-made-in-usa/,same path,ok
https://newheightseducation.org/product/nheg-sag-box-chain-bracelet/,/product/nheg-sag-box-chain-bracelet/,same path,ok
https://newheightseducation.org/product/nheg-sag-custom-pin-buttons/,/product/nheg-sag-custom-pin-buttons/,same path,ok
https://newheightseducation.org/product/nheg-sag-matte-onyx-bracelet/,/product/nheg-sag-matte-onyx-bracelet/,same path,ok
https://newheightseducation.org/product/nheg-sag-metal-pin/,/product/nheg-sag-metal-pin/,same path,ok
https://newheightseducation.org/product/nheg-slc-and-nheg-sag-weekender-bag/,/product/nheg-slc-and-nheg-sag-weekender-bag/,same path,ok
https://newheightseducation.org/product/nheg-slc-backpack-made-in-usa/,/product/nheg-slc-backpack-made-in-usa/,same path,ok
https://newheightseducation.org/product/nheg-slc-custom-pin-buttons/,/product/nheg-slc-custom-pin-buttons/,same path,ok
https://newheightseducation.org/product/nheg-slc-metal-pin/,/product/nheg-slc-metal-pin/,same path,ok
https://newheightseducation.org/product/nheg-uni-sex-t-shirt/,/product/nheg-uni-sex-t-shirt/,same path,ok
https://newheightseducation.org/product/nheg-unisex-heavy-blend-hooded-sweatshirt/,/product/nheg-unisex-heavy-blend-hooded-sweatshirt/,same path,ok
https://newheightseducation.org/product/nheg-unisex-heavy-cotton-tee/,/product/nheg-unisex-heavy-cotton-tee/,same path,ok
https://newheightseducation.org/product/nheg-unisex-hooded-zip-sweatshirt/,/product/nheg-unisex-hooded-zip-sweatshirt/,same path,ok
https://newheightseducation.org/product/nheg-unisex-jersey-short-sleeve-tee/,/product/nheg-unisex-jersey-short-sleeve-tee/,same path,ok
https://newheightseducation.org/product/nheg-volunteer-of-the-year-mug-11oz/,/product/nheg-volunteer-of-the-year-mug-11oz/,same path,ok
https://newheightseducation.org/product/nheg-volunteer-of-the-year-pin/,/product/nheg-volunteer-of-the-year-pin/,same path,ok
https://newheightseducation.org/product/nheg-volunteer-of-the-year-single-loop-necklace/,/product/nheg-volunteer-of-the-year-single-loop-necklace/,same path,ok
https://newheightseducation.org/product/organic-t-shirt-dress-2/,/product/organic-t-shirt-dress-2/,same path,ok
https://newheightseducation.org/product/organic-t-shirt-dress-3/,/product/organic-t-shirt-dress-3/,same path,ok
https://newheightseducation.org/product/organic-t-shirt-dress-4/,/product/organic-t-shirt-dress-4/,same path,ok
https://newheightseducation.org/product/organic-t-shirt-dress-5/,/product/organic-t-shirt-dress-5/,same path,ok
https://newheightseducation.org/product/organic-t-shirt-dress/,/product/organic-t-shirt-dress/,same path,ok
https://newheightseducation.org/product/premium-fleece-joggers-2/,/product/premium-fleece-joggers-2/,same path,ok
https://newheightseducation.org/product/premium-fleece-joggers/,/product/premium-fleece-joggers/,same path,ok
https://newheightseducation.org/product/sag-duffel-bag/,/product/sag-duffel-bag/,same path,ok
https://newheightseducation.org/product/sag-unisex-heavy-cotton-tee-2/,/product/sag-unisex-heavy-cotton-tee-2/,same path,ok
https://newheightseducation.org/product/sag-unisex-heavy-cotton-tee/,/product/sag-unisex-heavy-cotton-tee/,same path,ok
https://newheightseducation.org/product/sag-unisex-hooded-zip-sweatshirt/,/product/sag-unisex-hooded-zip-sweatshirt/,same path,ok
https://newheightseducation.org/product/sag-unisex-jersey-short-sleeve-tee/,/product/sag-unisex-jersey-short-sleeve-tee/,same path,ok
https://newheightseducation.org/product/show-latte-mug/,/product/show-latte-mug/,same path,ok
https://newheightseducation.org/product/show-mug-11oz/,/product/show-mug-11oz/,same path,ok
https://newheightseducation.org/product/show-on-education-duffel-bag/,/product/show-on-education-duffel-bag/,same path,ok
https://newheightseducation.org/product/show-on-education-unisex-hooded-zip-sweatshirt/,/product/show-on-education-unisex-hooded-zip-sweatshirt/,same path,ok
https://newheightseducation.org/product/show-on-education-unisex-jersey-short-sleeve-tee/,/product/show-on-education-unisex-jersey-short-sleeve-tee/,same path,ok
https://newheightseducation.org/product/slc-drawstring-bag/,/product/slc-drawstring-bag/,same path,ok
https://newheightseducation.org/product/slc-duffel-bag/,/product/slc-duffel-bag/,same path,ok
https://newheightseducation.org/product/slc-unisex-heavy-cotton-tee-2/,/product/slc-unisex-heavy-cotton-tee-2/,same path,ok
https://newheightseducation.org/product/slc-unisex-heavy-cotton-tee/,/product/slc-unisex-heavy-cotton-tee/,same path,ok
https://newheightseducation.org/product/slc-unisex-hooded-zip-sweatshirt/,/product/slc-unisex-hooded-zip-sweatshirt/,same path,ok
https://newheightseducation.org/product/slc-unisex-jersey-short-sleeve-tee/,/product/slc-unisex-jersey-short-sleeve-tee/,same path,ok
https://newheightseducation.org/product/ultra-cotton-long-sleeve-tee/,/product/ultra-cotton-long-sleeve-tee/,same path,ok
https://newheightseducation.org/product/unisex-heavy-blend-hooded-sweatshirt/,/product/unisex-heavy-blend-hooded-sweatshirt/,same path,ok
https://newheightseducation.org/product/unisex-heavy-cotton-tee/,/product/unisex-heavy-cotton-tee/,same path,ok
https://newheightseducation.org/product/unisex-jersey-short-sleeve-tee/,/product/unisex-jersey-short-sleeve-tee/,same path,ok
https://newheightseducation.org/product/weekender-bag/,/product/weekender-bag/,same path,ok
https://newheightseducation.org/product/womens-cut-sew-casual-leggings/,/product/womens-cut-sew-casual-leggings/,same path,ok
https://newheightseducation.org/product/womens-cut-sew-racerback-dress-2/,/product/womens-cut-sew-racerback-dress-2/,same path,ok
https://newheightseducation.org/product/womens-cut-sew-racerback-dress-3/,/product/womens-cut-sew-racerback-dress-3/,same path,ok
https://newheightseducation.org/product/womens-cut-sew-racerback-dress-4/,/product/womens-cut-sew-racerback-dress-4/,same path,ok
https://newheightseducation.org/product/womens-cut-sew-racerback-dress-5/,/product/womens-cut-sew-racerback-dress-5/,same path,ok
https://newheightseducation.org/product/womens-cut-sew-racerback-dress-6/,/product/womens-cut-sew-racerback-dress-6/,same path,ok
https://newheightseducation.org/product/womens-cut-sew-racerback-dress-7/,/product/womens-cut-sew-racerback-dress-7/,same path,ok
https://newheightseducation.org/product/womens-cut-sew-racerback-dress-8/,/product/womens-cut-sew-racerback-dress-8/,same path,ok
https://newheightseducation.org/product/womens-cut-sew-racerback-dress/,/product/womens-cut-sew-racerback-dress/,same path,ok
https://newheightseducation.org/product/womens-ideal-racerback-tank-2/,/product/womens-ideal-racerback-tank-2/,same path,ok
https://newheightseducation.org/product/womens-ideal-racerback-tank-3/,/product/womens-ideal-racerback-tank-3/,same path,ok
https://newheightseducation.org/product/womens-ideal-racerback-tank-4/,/product/womens-ideal-racerback-tank-4/,same path,ok
https://newheightseducation.org/product/womens-ideal-racerback-tank-5/,/product/womens-ideal-racerback-tank-5/,same path,ok
https://newheightseducation.org/product/womens-ideal-racerback-tank/,/product/womens-ideal-racerback-tank/,same path,ok
https://newheightseducation.org/shop/,/shop/,same path,ok
https://newheightseducation.org/shop/page/2/,/shop/page/2/,same path,ok
https://newheightseducation.org/shop/page/3/,/shop/page/3/,same path,ok
https://newheightseducation.org/shop/page/4/,/shop/page/4/,same path,ok
https://newheightseducation.org/shop/page/5/,/shop/page/5/,same path,ok
https://newheightseducation.org/shop/page/6/,/shop/page/6/,same path,ok
https://newheightseducation.org/shop/page/7/,/shop/page/7/,same path,ok
https://newheightseducation.org/shop/page/8/,/shop/page/8/,same path,ok
https://newheightseducation.org/student-corner/edgewood-country-club-all-sports-camp-covid-19-protocol/,/student-corner/edgewood-country-club-all-sports-camp-covid-19-protocol/,same path,ok
https://newheightseducation.org/student-corner/feeling-overworked-or-overwhelmed-heres-how-you-can-handle-your-stress/,/student-corner/feeling-overworked-or-overwhelmed-heres-how-you-can-handle-your-stress/,same path,ok
https://newheightseducation.org/student-corner/how-can-students-stay-motivated-during-their-education/,/student-corner/how-can-students-stay-motivated-during-their-education/,same path,ok
https://newheightseducation.org/student-corner/how-to-increase-your-productivity-at-home/,/student-corner/how-to-increase-your-productivity-at-home/,same path,ok
https://newheightseducation.org/student-corner/how-to-remember-everything-you-read/,/student-corner/how-to-remember-everything-you-read/,same path,ok
https://newheightseducation.org/student-corner/managing-stress-during-covid-19/,/student-corner/managing-stress-during-covid-19/,same path,ok
https://newheightseducation.org/student-corner/success-is-more-about-effort-than-intelligence/,/student-corner/success-is-more-about-effort-than-intelligence/,same path,ok
https://newheightseducation.org/student-corner/take-power-over-your-habits-how-to-change-your-life-by-changing-your-routine/,/student-corner/take-power-over-your-habits-how-to-change-your-life-by-changing-your-routine/,same path,ok
https://newheightseducation.org/student-corner/the-rise-of-online-learning-during-the-pandemic/,/student-corner/the-rise-of-online-learning-during-the-pandemic/,same path,ok
https://newheightseducation.org/student-corner/transitioning-to-a-productive-schedule-after-summer/,/student-corner/transitioning-to-a-productive-schedule-after-summer/,same path,ok
https://newheightseducation.org/support-nheg/,/support-nheg/,same path,ok
https://newheightseducation.org/support-nheg/donations-nheg-has-received/,/support-nheg/donations-nheg-has-received/,same path,ok
https://newheightseducation.org/support-nheg/fundraising-for-nheg/,/support-nheg/fundraising-for-nheg/,same path,ok
https://newheightseducation.org/support-nheg/giving-tuesday-november-27-2018/,/support-nheg/giving-tuesday-november-27-2018/,same path,ok
https://newheightseducation.org/tag/national-school-choice-week/,/tag/national-school-choice-week/,same path,ok
https://newheightseducation.org/tag/school-bag-give-away/,/tag/school-bag-give-away/,same path,ok
https://newheightseducation.org/terms-and-conditions/,/terms-and-conditions/,same path,ok
https://newheightseducation.org/transaction-failed/,/transaction-failed/,same path,ok
https://newheightseducation.org/volunteer-with-nheg/,/volunteer-with-nheg/,same path,ok
https://newheightseducation.org/volunteer-with-nheg/nheg-volunteer-opportunities/,/volunteer-with-nheg/nheg-volunteer-opportunities/,same path,ok
https://newheightseducation.org/volunteer-with-nheg/u-s-presidents-volunteer-service-award/,/volunteer-with-nheg/u-s-presidents-volunteer-service-award/,same path,ok
https://newheightseducation.org/volunteer-with-nheg/volunteer-form/,/volunteer-with-nheg/volunteer-form/,same path,ok
https://newheightseducation.org/volunteer-with-nheg/volunteer-portal/,/volunteer-with-nheg/,stub,redirect
https://newheightseducation.org/who-we-are/,/who-we-are/,same path,ok
https://newheightseducation.org/who-we-are/affiliates-partners/,/who-we-are/affiliates-partners/,same path,ok
https://newheightseducation.org/who-we-are/awards-and-achievements/,/who-we-are/awards-and-achievements/,same path,ok
https://newheightseducation.org/who-we-are/awards-and-achievements/volunteer-award-winners/,/who-we-are/awards-and-achievements/volunteer-award-winners/,same path,ok
https://newheightseducation.org/who-we-are/letters-of-support/,/who-we-are/letters-of-support/,same path,ok
https://newheightseducation.org/who-we-are/new-heights-educatioal-group-services/,/who-we-are/new-heights-educatioal-group-services/,same path,ok
https://newheightseducation.org/who-we-are/nheg-books/,/who-we-are/nheg-books/,same path,ok
https://newheightseducation.org/who-we-are/nheg-books/one-nonprofits-journey-to-success/,/who-we-are/nheg-books/one-nonprofits-journey-to-success/,same path,ok
https://newheightseducation.org/who-we-are/nheg-books/unraveling-reading/,/who-we-are/nheg-books/unraveling-reading/,same path,ok
https://newheightseducation.org/who-we-are/nheg-edguide/,/who-we-are/nheg-edguide/,same path,ok
https://newheightseducation.org/who-we-are/nheg-press/,/who-we-are/nheg-press/,same path,ok
https://newheightseducation.org/who-we-are/nheg-press/images-and-photography/,/who-we-are/nheg-press/images-and-photography/,same path,ok
https://newheightseducation.org/who-we-are/nheg-team/,/who-we-are/nheg-team/,same path,ok
https://school.newheightseducation.org/,/school/,prefix,ok
https://school.newheightseducation.org/about/,/school/about/,prefix,ok
https://school.newheightseducation.org/about/nheg-educational-department-staff/,/school/about/nheg-educational-department-staff/,prefix,ok
https://school.newheightseducation.org/about/nheg-educational-department-staff/education-advocates/,/school/about/nheg-educational-department-staff/education-advocates/,prefix,ok
https://school.newheightseducation.org/about/nheg-educational-department-staff/nheg-teachers/,/school/about/nheg-educational-department-staff/nheg-teachers/,prefix,ok
https://school.newheightseducation.org/about/nheg-groups/,/school/about/nheg-groups/,prefix,ok
https://school.newheightseducation.org/about/nheg-groups/nheg-baton-corp/baton-corps-private/,/school/about/nheg-groups/nheg-baton-corp/baton-corps-private/,prefix,ok
https://school.newheightseducation.org/about/nheg-groups/student-advisory-group/,/school/about/nheg-groups/student-advisory-group/,prefix,ok
https://school.newheightseducation.org/about/nheg-groups/student-leadership-council/,/school/about/nheg-groups/student-leadership-council/,prefix,ok
https://school.newheightseducation.org/about/nheg-groups/veterans-and-emergency-responders-support/,/school/about/nheg-groups/veterans-and-emergency-responders-support/,prefix,ok
https://school.newheightseducation.org/affordable-genealogy/,/school/affordable-genealogy/,prefix,ok
https://school.newheightseducation.org/caldera_forms_preview/,/school/caldera-forms-preview/,stub,redirect
https://school.newheightseducation.org/contact-us/,/school/contact-us/,prefix,ok
https://school.newheightseducation.org/donation-confirmation/,/school/donation-confirmation/,prefix,ok
https://school.newheightseducation.org/donation-failed/,/school/donation-failed/,prefix,ok
https://school.newheightseducation.org/donation-history/,/school/donation-history/,prefix,ok
https://school.newheightseducation.org/donor-dashboard-7/,/school/donor-dashboard-7/,prefix,ok
https://school.newheightseducation.org/donor-dashboard/,/school/donor-dashboard/,prefix,ok
https://school.newheightseducation.org/elias-buchhop-student-page/,/school/elias-buchhop-student-page/,prefix,ok
https://school.newheightseducation.org/national-csi-classes/,/school/national-csi-classes/,prefix,ok
https://school.newheightseducation.org/natural-born-leaders/,/school/natural-born-leaders/,prefix,ok
https://school.newheightseducation.org/online-courses/,/school/online-courses/,prefix,ok
https://school.newheightseducation.org/online-courses/algebra-i/,/school/online-courses/algebra-i/,prefix,ok
https://school.newheightseducation.org/online-courses/animation-course/,/school/online-courses/animation-course/,prefix,ok
https://school.newheightseducation.org/online-courses/chemistry/,/school/online-courses/chemistry/,prefix,ok
https://school.newheightseducation.org/online-courses/discounted-and-free-online-classes/,/school/online-courses/discounted-and-free-online-classes/,prefix,ok
https://school.newheightseducation.org/online-courses/drawing-course/,/school/online-courses/drawing-course/,prefix,ok
https://school.newheightseducation.org/online-courses/essential-to-pianos-techniques/,/school/online-courses/essential-to-pianos-techniques/,prefix,ok
https://school.newheightseducation.org/online-courses/financial-literacy/,/school/online-courses/financial-literacy/,prefix,ok
https://school.newheightseducation.org/online-courses/genealogy-dna-course/,/school/online-courses/genealogy-dna-course/,prefix,ok
https://school.newheightseducation.org/online-courses/genealogy-dna-course/genealogy-and-dna-student-page/,/school/online-courses/genealogy-dna-course/genealogy-and-dna-student-page/,prefix,ok
https://school.newheightseducation.org/online-courses/generation-self-employed/,/school/online-courses/generation-self-employed/,prefix,ok
https://school.newheightseducation.org/online-courses/holidays-around-the-world/,/school/online-courses/holidays-around-the-world/,prefix,ok
https://school.newheightseducation.org/online-courses/how-to-become-a-internet-radio-host/,/school/online-courses/how-to-become-a-internet-radio-host/,prefix,ok
https://school.newheightseducation.org/online-courses/interview-skills/,/school/online-courses/interview-skills/,prefix,ok
https://school.newheightseducation.org/online-courses/learn-spanish-pre-recorded/spanish-student-page/,/school/online-courses/learn-spanish-pre-recorded/spanish-student-page/,prefix,ok
https://school.newheightseducation.org/online-courses/learn-to-read/,/school/online-courses/learn-to-read/,prefix,ok
https://school.newheightseducation.org/online-courses/learning-chinese/,/school/online-courses/learning-chinese/,prefix,ok
https://school.newheightseducation.org/online-courses/learning-japanese/,/school/online-courses/learning-japanese/,prefix,ok
https://school.newheightseducation.org/online-courses/learning-japanese/japanese-course-student-page/,/school/online-courses/learning-japanese/japanese-course-student-page/,prefix,ok
https://school.newheightseducation.org/online-courses/music-program/,/school/online-courses/music-program/,prefix,ok
https://school.newheightseducation.org/online-courses/music-program/music-composers/,/school/online-courses/music-program/music-composers/,prefix,ok
https://school.newheightseducation.org/online-courses/music-program/online-piano-course/,/school/online-courses/music-program/online-piano-course/,prefix,ok
https://school.newheightseducation.org/online-courses/natural-speller/,/school/online-courses/natural-speller/,prefix,ok
https://school.newheightseducation.org/online-courses/orphan-train-movement/,/school/online-courses/orphan-train-movement/,prefix,ok
https://school.newheightseducation.org/online-courses/personal-and-professional-development-coaching/,/school/online-courses/personal-and-professional-development-coaching/,prefix,ok
https://school.newheightseducation.org/online-courses/personal-development-coaching-courses/,/school/online-courses/personal-development-coaching-courses/,prefix,ok
https://school.newheightseducation.org/online-courses/personal-development-coaching-courses/page/2/,/school/online-courses/personal-development-coaching-courses/page/2/,prefix,ok
https://school.newheightseducation.org/online-courses/pre-calculus/,/school/online-courses/pre-calculus/,prefix,ok
https://school.newheightseducation.org/online-courses/writing-course/,/school/online-courses/writing-course/,prefix,ok
https://school.newheightseducation.org/parents/,/school/parents/,prefix,ok
https://school.newheightseducation.org/parents/charter-school-families/,/school/parents/charter-school-families/,prefix,ok
https://school.newheightseducation.org/parents/charter-school-families/charter-school-q-a/,/school/parents/charter-school-families/charter-school-q-a/,prefix,ok
https://school.newheightseducation.org/parents/charter-school-families/ohio-charter-public-schools/,/school/parents/charter-school-families/ohio-charter-public-schools/,prefix,ok
https://school.newheightseducation.org/parents/home-school-families/,/school/parents/home-school-families/,prefix,ok
https://school.newheightseducation.org/parents/home-school-families/home-school-family-to-family-program/,/school/parents/home-school-families/home-school-family-to-family-program/,prefix,ok
https://school.newheightseducation.org/parents/home-school-families/home-schooling-in-ohio-q-a/,/school/parents/home-school-families/home-schooling-in-ohio-q-a/,prefix,ok
https://school.newheightseducation.org/parents/home-school-families/us-dept-education-home-schools/,/school/parents/home-school-families/us-dept-education-home-schools/,prefix,ok
https://school.newheightseducation.org/parents/learning-disabilities-special-needs/,/school/parents/learning-disabilities-special-needs/,prefix,ok
https://school.newheightseducation.org/parents/nheg-assessment/,/school/parents/nheg-assessment/,prefix,ok
https://school.newheightseducation.org/parents/nheg-tracking-student-growth/,/school/parents/nheg-tracking-student-growth/,prefix,ok
https://school.newheightseducation.org/parents/nheg-tracking-student-growth/nheg-student-achievements/,/school/parents/nheg-tracking-student-growth/nheg-student-achievements/,prefix,ok
https://school.newheightseducation.org/parents/public-school-families/,/school/parents/public-school-families/,prefix,ok
https://school.newheightseducation.org/parents/public-school-families/public-private-schools-q-a/,/school/parents/public-school-families/public-private-schools-q-a/,prefix,ok
https://school.newheightseducation.org/pre-algebra/,/school/pre-algebra/,prefix,ok
https://school.newheightseducation.org/pre-calculus/,/school/pre-calculus/,prefix,ok
https://school.newheightseducation.org/recommended-books-for-education/,/school/recommended-books-for-education/,prefix,ok
https://school.newheightseducation.org/recommended-videos-for-education/,/school/recommended-videos-for-education/,prefix,ok
https://school.newheightseducation.org/sitemap/,/school/sitemap/,prefix,ok
https://school.newheightseducation.org/students/,/school/students/,prefix,ok
https://school.newheightseducation.org/students/able-ged/,/school/students/able-ged/,prefix,ok
https://school.newheightseducation.org/students/college-entrance-exams/,/school/students/college-entrance-exams/,prefix,ok
https://school.newheightseducation.org/students/college-entrance-exams/act-test/,/school/students/college-entrance-exams/act-test/,prefix,ok
https://school.newheightseducation.org/students/college-entrance-exams/classic-learning-test/,/school/students/college-entrance-exams/classic-learning-test/,prefix,ok
https://school.newheightseducation.org/students/college-entrance-exams/gre-test/,/school/students/college-entrance-exams/gre-test/,prefix,ok
https://school.newheightseducation.org/students/college-entrance-exams/psat/,/school/students/college-entrance-exams/psat/,prefix,ok
https://school.newheightseducation.org/students/college-entrance-exams/sat-admission-test/,/school/students/college-entrance-exams/sat-admission-test/,prefix,ok
https://school.newheightseducation.org/students/nheg-student-resources/,/school/students/nheg-student-resources/,prefix,ok
https://school.newheightseducation.org/students/nheg-student-resources/college-and-post-secondary-options/,/school/students/nheg-student-resources/college-and-post-secondary-options/,prefix,ok
https://school.newheightseducation.org/students/nheg-student-resources/ohio-minor-work-permit/,/school/students/nheg-student-resources/ohio-minor-work-permit/,prefix,ok
https://school.newheightseducation.org/students/nheg-student-resources/ohio-toastmasters/,/school/students/nheg-student-resources/ohio-toastmasters/,prefix,ok
https://school.newheightseducation.org/students/nheg-yearbook/,/school/students/nheg-yearbook/,prefix,ok
https://school.newheightseducation.org/students/scholarship-opportunities/,/school/students/scholarship-opportunities/,prefix,ok
https://school.newheightseducation.org/students/scholarship-opportunities/scholarship-search/,/school/students/scholarship-opportunities/scholarship-search/,prefix,ok
https://school.newheightseducation.org/students/school-senior-pictures/,/school/students/school-senior-pictures/,prefix,ok
https://school.newheightseducation.org/students/student-gallery/,/school/students/student-gallery/,prefix,ok
https://school.newheightseducation.org/students/student-projects/,/school/students/student-projects/,prefix,ok
https://school.newheightseducation.org/teachers/,/school/teachers/,prefix,ok
https://school.newheightseducation.org/teachers/classroom-resources/,/school/teachers/classroom-resources/,prefix,ok
https://school.newheightseducation.org/teachers/classroom-resources/art-resources/,/school/teachers/classroom-resources/art-resources/,prefix,ok
https://school.newheightseducation.org/teachers/classroom-resources/english-resources/,/school/teachers/classroom-resources/english-resources/,prefix,ok
https://school.newheightseducation.org/teachers/classroom-resources/foreign-language-resources/,/school/teachers/classroom-resources/foreign-language-resources/,prefix,ok
https://school.newheightseducation.org/teachers/classroom-resources/math-resources/,/school/teachers/classroom-resources/math-resources/,prefix,ok
https://school.newheightseducation.org/teachers/classroom-resources/performing-arts/,/school/teachers/classroom-resources/performing-arts/,prefix,ok
https://school.newheightseducation.org/teachers/classroom-resources/physical-education-resources/,/school/teachers/classroom-resources/physical-education-resources/,prefix,ok
https://school.newheightseducation.org/teachers/classroom-resources/reading-resources/,/school/teachers/classroom-resources/reading-resources/,prefix,ok
https://school.newheightseducation.org/teachers/classroom-resources/science-resources/,/school/teachers/classroom-resources/science-resources/,prefix,ok
https://school.newheightseducation.org/teachers/classroom-resources/spelling-resources/,/school/teachers/classroom-resources/spelling-resources/,prefix,ok
https://school.newheightseducation.org/teachers/classroom-resources/writing-resources/,/school/teachers/classroom-resources/writing-resources/,prefix,ok
https://school.newheightseducation.org/teachers/curriculum-and-resources-for-tutors/,/school/teachers/curriculum-and-resources-for-tutors/,prefix,ok
https://school.newheightseducation.org/teachers/educational-technology/,/school/teachers/educational-technology/,prefix,ok
https://school.newheightseducation.org/teachers/educational-technology/computer-resources/,/school/teachers/educational-technology/computer-resources/,prefix,ok
https://school.newheightseducation.org/teachers/educational-technology/media-centers/,/school/teachers/educational-technology/media-centers/,prefix,ok
https://school.newheightseducation.org/teachers/educational-technology/ohio-education-computer-network-oecn/,/school/teachers/educational-technology/ohio-education-computer-network-oecn/,prefix,ok
https://school.newheightseducation.org/teachers/educational-technology/tv-resources/,/school/teachers/educational-technology/tv-resources/,prefix,ok
https://school.newheightseducation.org/teachers/teacher-resources/,/school/teachers/teacher-resources/,prefix,ok
https://school.newheightseducation.org/teachers/teacher-resources/misc-teacher-resources/,/school/teachers/teacher-resources/misc-teacher-resources/,prefix,ok
https://school.newheightseducation.org/teachers/teacher-resources/pre-kindergarten-associate-certification/,/school/teachers/teacher-resources/pre-kindergarten-associate-certification/,prefix,ok
https://school.newheightseducation.org/teachers/teacher-resources/teacher-and-professional-organizations/,/school/teachers/teacher-resources/teacher-and-professional-organizations/,prefix,ok
https://school.newheightseducation.org/teachers/teacher-resources/ted-talks/,/school/teachers/teacher-resources/ted-talks/,prefix,ok
https://school.newheightseducation.org/violin-vision/,/school/violin-vision/,prefix,ok
https://publications.newheightseducation.org/,/publications/,prefix,ok
https://publications.newheightseducation.org/2014-newsletter/,/publications/2014-newsletter/,prefix,ok
https://publications.newheightseducation.org/2015-newsletters/,/publications/2015-newsletters/,prefix,ok
https://publications.newheightseducation.org/5764-2-2-2/,/publications/5764-2-2-2/,prefix,ok
https://publications.newheightseducation.org/5764-2-2-3/,/publications/5764-2-2-3/,prefix,ok
https://publications.newheightseducation.org/5764-2-2-4/,/publications/5764-2-2-4/,prefix,ok
https://publications.newheightseducation.org/5764-2-2/,/publications/5764-2-2/,prefix,ok
https://publications.newheightseducation.org/5764-2/,/publications/5764-2/,prefix,ok
https://publications.newheightseducation.org/about/,/publications/about/,prefix,ok
https://publications.newheightseducation.org/acai-berry-thin-saves-lives-of-so-many-people/,/publications/acai-berry-thin-saves-lives-of-so-many-people/,prefix,ok
https://publications.newheightseducation.org/achieve-your-fitness-goal-with-a-personal-fitness-trainer/,/publications/achieve-your-fitness-goal-with-a-personal-fitness-trainer/,prefix,ok
https://publications.newheightseducation.org/attention-drawn-to-high-suicide-rates-in-scotland-russia-australia/,/publications/attention-drawn-to-high-suicide-rates-in-scotland-russia-australia/,prefix,ok
https://publications.newheightseducation.org/australian-centre-for-paralympic-excellence-unveiled/,/publications/australian-centre-for-paralympic-excellence-unveiled/,prefix,ok
https://publications.newheightseducation.org/author/kashifmahmood/,/publications/author/kashifmahmood/,prefix,ok
https://publications.newheightseducation.org/author/newheightseducation/,/publications/author/newheightseducation/,prefix,ok
https://publications.newheightseducation.org/author/newheightseducation/page/10/,/publications/author/newheightseducation/page/10/,prefix,ok
https://publications.newheightseducation.org/author/newheightseducation/page/11/,/publications/author/newheightseducation/page/11/,prefix,ok
https://publications.newheightseducation.org/author/newheightseducation/page/12/,/publications/author/newheightseducation/page/12/,prefix,ok
https://publications.newheightseducation.org/author/newheightseducation/page/2/,/publications/author/newheightseducation/page/2/,prefix,ok
https://publications.newheightseducation.org/author/newheightseducation/page/3/,/publications/author/newheightseducation/page/3/,prefix,ok
https://publications.newheightseducation.org/author/newheightseducation/page/4/,/publications/author/newheightseducation/page/4/,prefix,ok
https://publications.newheightseducation.org/author/newheightseducation/page/5/,/publications/author/newheightseducation/page/5/,prefix,ok
https://publications.newheightseducation.org/author/newheightseducation/page/6/,/publications/author/newheightseducation/page/6/,prefix,ok
https://publications.newheightseducation.org/author/newheightseducation/page/7/,/publications/author/newheightseducation/page/7/,prefix,ok
https://publications.newheightseducation.org/author/newheightseducation/page/8/,/publications/author/newheightseducation/page/8/,prefix,ok
https://publications.newheightseducation.org/author/newheightseducation/page/9/,/publications/author/newheightseducation/page/9/,prefix,ok
https://publications.newheightseducation.org/belgian-mens-goalball-team-departs-for-finland-for-world-championships/,/publications/belgian-mens-goalball-team-departs-for-finland-for-world-championships/,prefix,ok
https://publications.newheightseducation.org/books/,/publications/books/,prefix,ok
https://publications.newheightseducation.org/books/2014-newsletter/,/publications/books/2014-newsletter/,prefix,ok
https://publications.newheightseducation.org/books/2015-newsletter-2/,/publications/books/2015-newsletter-2/,prefix,ok
https://publications.newheightseducation.org/books/2015-newsletter-3/,/publications/books/2015-newsletter-3/,prefix,ok
https://publications.newheightseducation.org/books/2015-newsletter-4/,/publications/books/2015-newsletter-4/,prefix,ok
https://publications.newheightseducation.org/books/2015-newsletter-5/,/publications/books/2015-newsletter-5/,prefix,ok
https://publications.newheightseducation.org/books/2015-newsletter-6/,/publications/books/2015-newsletter-6/,prefix,ok
https://publications.newheightseducation.org/books/2015-newsletter-7/,/publications/books/2015-newsletter-7/,prefix,ok
https://publications.newheightseducation.org/books/2015-newsletter-8/,/publications/books/2015-newsletter-8/,prefix,ok
https://publications.newheightseducation.org/books/2015-newsletter-9/,/publications/books/2015-newsletter-9/,prefix,ok
https://publications.newheightseducation.org/books/2015-newsletter/,/publications/books/2015-newsletter/,prefix,ok
https://publications.newheightseducation.org/books/2015-newsletters/,/publications/books/2015-newsletters/,prefix,ok
https://publications.newheightseducation.org/books/e-a-s-y-toons-issue-1/,/publications/books/e-a-s-y-toons-issue-1/,prefix,ok
https://publications.newheightseducation.org/books/e-a-s-y-toons-issue-2/,/publications/books/e-a-s-y-toons-issue-2/,prefix,ok
https://publications.newheightseducation.org/books/e-a-s-y-toons-issue-3/,/publications/books/e-a-s-y-toons-issue-3/,prefix,ok
https://publications.newheightseducation.org/books/e-a-s-y-toons-issue-4/,/publications/books/e-a-s-y-toons-issue-4/,prefix,ok
https://publications.newheightseducation.org/books/e-a-s-y-toons-issue-5-2023/,/publications/books/e-a-s-y-toons-issue-5-2023/,prefix,ok
https://publications.newheightseducation.org/books/e-a-s-y-toons-issue-6-2024/,/publications/books/e-a-s-y-toons-issue-6-2024/,prefix,ok
https://publications.newheightseducation.org/books/e-a-s-ytoons-issue-7/,/publications/books/e-a-s-ytoons-issue-7/,prefix,ok
https://publications.newheightseducation.org/books/edguide-march-april-2023/,/publications/books/edguide-march-april-2023/,prefix,ok
https://publications.newheightseducation.org/books/nheg-edguide-april-2016/,/publications/books/nheg-edguide-april-2016/,prefix,ok
https://publications.newheightseducation.org/books/nheg-edguide-december-2016/,/publications/books/nheg-edguide-december-2016/,prefix,ok
https://publications.newheightseducation.org/books/nheg-edguide-february-2016/,/publications/books/nheg-edguide-february-2016/,prefix,ok
https://publications.newheightseducation.org/books/nheg-edguide-february-2017/,/publications/books/nheg-edguide-february-2017/,prefix,ok
https://publications.newheightseducation.org/books/nheg-edguide-january-2016/,/publications/books/nheg-edguide-january-2016/,prefix,ok
https://publications.newheightseducation.org/books/nheg-edguide-january-2017/,/publications/books/nheg-edguide-january-2017/,prefix,ok
https://publications.newheightseducation.org/books/nheg-edguide-january-february-2018/,/publications/books/nheg-edguide-january-february-2018/,prefix,ok
https://publications.newheightseducation.org/books/nheg-edguide-january-february-2019/,/publications/books/nheg-edguide-january-february-2019/,prefix,ok
https://publications.newheightseducation.org/books/nheg-edguide-january-february-2020/,/publications/books/nheg-edguide-january-february-2020/,prefix,ok
https://publications.newheightseducation.org/books/nheg-edguide-january-february-2022/,/publications/books/nheg-edguide-january-february-2022/,prefix,ok
https://publications.newheightseducation.org/books/nheg-edguide-january-february-2023/,/publications/books/nheg-edguide-january-february-2023/,prefix,ok
https://publications.newheightseducation.org/books/nheg-edguide-january-february-2024/,/publications/books/nheg-edguide-january-february-2024/,prefix,ok
https://publications.newheightseducation.org/books/nheg-edguide-january-february-2025/,/publications/books/nheg-edguide-january-february-2025/,prefix,ok
https://publications.newheightseducation.org/books/nheg-edguide-january-february-2026/,/publications/books/nheg-edguide-january-february-2026/,prefix,ok
https://publications.newheightseducation.org/books/nheg-edguide-july-august-2017/,/publications/books/nheg-edguide-july-august-2017/,prefix,ok
https://publications.newheightseducation.org/books/nheg-edguide-july-august-2018/,/publications/books/nheg-edguide-july-august-2018/,prefix,ok
https://publications.newheightseducation.org/books/nheg-edguide-july-august-2019/,/publications/books/nheg-edguide-july-august-2019/,prefix,ok
https://publications.newheightseducation.org/books/nheg-edguide-july-august-2020/,/publications/books/nheg-edguide-july-august-2020/,prefix,ok
https://publications.newheightseducation.org/books/nheg-edguide-july-august-2022/,/publications/books/nheg-edguide-july-august-2022/,prefix,ok
https://publications.newheightseducation.org/books/nheg-edguide-july-august-2023/,/publications/books/nheg-edguide-july-august-2023/,prefix,ok
https://publications.newheightseducation.org/books/nheg-edguide-july-august-2024/,/publications/books/nheg-edguide-july-august-2024/,prefix,ok
https://publications.newheightseducation.org/books/nheg-edguide-july-august-2026/,/publications/books/nheg-edguide-july-august-2026/,prefix,ok
https://publications.newheightseducation.org/books/nheg-edguide-july-august-25/,/publications/books/nheg-edguide-july-august-25/,prefix,ok
https://publications.newheightseducation.org/books/nheg-edguide-june-2016/,/publications/books/nheg-edguide-june-2016/,prefix,ok
https://publications.newheightseducation.org/books/nheg-edguide-march-2016/,/publications/books/nheg-edguide-march-2016/,prefix,ok
https://publications.newheightseducation.org/books/nheg-edguide-march-april-2017/,/publications/books/nheg-edguide-march-april-2017/,prefix,ok
https://publications.newheightseducation.org/books/nheg-edguide-march-april-2018/,/publications/books/nheg-edguide-march-april-2018/,prefix,ok
https://publications.newheightseducation.org/books/nheg-edguide-march-april-2019/,/publications/books/nheg-edguide-march-april-2019/,prefix,ok
https://publications.newheightseducation.org/books/nheg-edguide-march-april-2022/,/publications/books/nheg-edguide-march-april-2022/,prefix,ok
https://publications.newheightseducation.org/books/nheg-edguide-march-april-2024/,/publications/books/nheg-edguide-march-april-2024/,prefix,ok
https://publications.newheightseducation.org/books/nheg-edguide-march-april-2025/,/publications/books/nheg-edguide-march-april-2025/,prefix,ok
https://publications.newheightseducation.org/books/nheg-edguide-march-april-2026/,/publications/books/nheg-edguide-march-april-2026/,prefix,ok
https://publications.newheightseducation.org/books/nheg-edguide-may-2016/,/publications/books/nheg-edguide-may-2016/,prefix,ok
https://publications.newheightseducation.org/books/nheg-edguide-may-june-2017/,/publications/books/nheg-edguide-may-june-2017/,prefix,ok
https://publications.newheightseducation.org/books/nheg-edguide-may-june-2019/,/publications/books/nheg-edguide-may-june-2019/,prefix,ok
https://publications.newheightseducation.org/books/nheg-edguide-may-june-2022/,/publications/books/nheg-edguide-may-june-2022/,prefix,ok
https://publications.newheightseducation.org/books/nheg-edguide-may-june-2023/,/publications/books/nheg-edguide-may-june-2023/,prefix,ok
https://publications.newheightseducation.org/books/nheg-edguide-may-june-2024/,/publications/books/nheg-edguide-may-june-2024/,prefix,ok
https://publications.newheightseducation.org/books/nheg-edguide-may-june-2025/,/publications/books/nheg-edguide-may-june-2025/,prefix,ok
https://publications.newheightseducation.org/books/nheg-edguide-may-june2020/,/publications/books/nheg-edguide-may-june2020/,prefix,ok
https://publications.newheightseducation.org/books/nheg-edguide-november-2016/,/publications/books/nheg-edguide-november-2016/,prefix,ok
https://publications.newheightseducation.org/books/nheg-edguide-november-december-2017/,/publications/books/nheg-edguide-november-december-2017/,prefix,ok
https://publications.newheightseducation.org/books/nheg-edguide-november-december-2018/,/publications/books/nheg-edguide-november-december-2018/,prefix,ok
https://publications.newheightseducation.org/books/nheg-edguide-november-december-2023/,/publications/books/nheg-edguide-november-december-2023/,prefix,ok
https://publications.newheightseducation.org/books/nheg-edguide-november-december-2024/,/publications/books/nheg-edguide-november-december-2024/,prefix,ok
https://publications.newheightseducation.org/books/nheg-edguide-november-december-2025/,/publications/books/nheg-edguide-november-december-2025/,prefix,ok
https://publications.newheightseducation.org/books/nheg-edguide-november-december2019/,/publications/books/nheg-edguide-november-december2019/,prefix,ok
https://publications.newheightseducation.org/books/nheg-edguide-november-december2020/,/publications/books/nheg-edguide-november-december2020/,prefix,ok
https://publications.newheightseducation.org/books/nheg-edguide-november-december2022-2/,/publications/books/nheg-edguide-november-december2022-2/,prefix,ok
https://publications.newheightseducation.org/books/nheg-edguide-october-2016/,/publications/books/nheg-edguide-october-2016/,prefix,ok
https://publications.newheightseducation.org/books/nheg-edguide-september-2016/,/publications/books/nheg-edguide-september-2016/,prefix,ok
https://publications.newheightseducation.org/books/nheg-edguide-september-october-2017/,/publications/books/nheg-edguide-september-october-2017/,prefix,ok
https://publications.newheightseducation.org/books/nheg-edguide-september-october-2018/,/publications/books/nheg-edguide-september-october-2018/,prefix,ok
https://publications.newheightseducation.org/books/nheg-edguide-september-october-2019/,/publications/books/nheg-edguide-september-october-2019/,prefix,ok
https://publications.newheightseducation.org/books/nheg-edguide-september-october-2020/,/publications/books/nheg-edguide-september-october-2020/,prefix,ok
https://publications.newheightseducation.org/books/nheg-edguide-september-october-2022/,/publications/books/nheg-edguide-september-october-2022/,prefix,ok
https://publications.newheightseducation.org/books/nheg-edguide-september-october-2023-2/,/publications/books/nheg-edguide-september-october-2023-2/,prefix,ok
https://publications.newheightseducation.org/books/nheg-edguide-september-october-2024/,/publications/books/nheg-edguide-september-october-2024/,prefix,ok
https://publications.newheightseducation.org/books/nheg-edguide-september-october-2025/,/publications/books/nheg-edguide-september-october-2025/,prefix,ok
https://publications.newheightseducation.org/books/nheg-edguide-september-october-2026/,/publications/books/nheg-edguide-september-october-2026/,prefix,ok
https://publications.newheightseducation.org/books/nheg-edguidejan-feb2021/,/publications/books/nheg-edguidejan-feb2021/,prefix,ok
https://publications.newheightseducation.org/books/nheg-edguidejuly-august-2021/,/publications/books/nheg-edguidejuly-august-2021/,prefix,ok
https://publications.newheightseducation.org/books/nheg-edguidemarch-april2021/,/publications/books/nheg-edguidemarch-april2021/,prefix,ok
https://publications.newheightseducation.org/books/nheg-edguidemay-june2021/,/publications/books/nheg-edguidemay-june2021/,prefix,ok
https://publications.newheightseducation.org/books/nheg-edguidenovember-december-2021/,/publications/books/nheg-edguidenovember-december-2021/,prefix,ok
https://publications.newheightseducation.org/books/nheg-edguideseptember-october2021/,/publications/books/nheg-edguideseptember-october2021/,prefix,ok
https://publications.newheightseducation.org/books/page/2/,/publications/books/page/2/,prefix,ok
https://publications.newheightseducation.org/books/page/3/,/publications/books/page/3/,prefix,ok
https://publications.newheightseducation.org/books/page/4/,/publications/books/page/4/,prefix,ok
https://publications.newheightseducation.org/books/page/5/,/publications/books/page/5/,prefix,ok
https://publications.newheightseducation.org/books/page/6/,/publications/books/page/6/,prefix,ok
https://publications.newheightseducation.org/books/page/7/,/publications/books/page/7/,prefix,ok
https://publications.newheightseducation.org/books/page/8/,/publications/books/page/8/,prefix,ok
https://publications.newheightseducation.org/books/page/9/,/publications/books/page/9/,prefix,ok
https://publications.newheightseducation.org/bystanders-foil-knife-weilding-man-on-london-bridge-with-fire-extinguisher-whale-tusk/,/publications/bystanders-foil-knife-weilding-man-on-london-bridge-with-fire-extinguisher-whale-tusk/,prefix,ok
https://publications.newheightseducation.org/cairo-summit-denounces-turkish-libyan-maritime-border-agreement/,/publications/cairo-summit-denounces-turkish-libyan-maritime-border-agreement/,prefix,ok
https://publications.newheightseducation.org/category/breaking-news/,/publications/category/breaking-news/,prefix,ok
https://publications.newheightseducation.org/category/easy-toons/,/publications/category/easy-toons/,prefix,ok
https://publications.newheightseducation.org/category/nheg-edguide/,/publications/category/nheg-edguide/,prefix,ok
https://publications.newheightseducation.org/category/nheg-edguide/2014-nheg-edguide/,/publications/category/nheg-edguide/2014-nheg-edguide/,prefix,ok
https://publications.newheightseducation.org/category/nheg-edguide/2015-nheg-edguide/,/publications/category/nheg-edguide/2015-nheg-edguide/,prefix,ok
https://publications.newheightseducation.org/category/nheg-edguide/2016-nheg-edguide/,/publications/category/nheg-edguide/2016-nheg-edguide/,prefix,ok
https://publications.newheightseducation.org/category/nheg-edguide/2017-nheg-edguide/,/publications/category/nheg-edguide/2017-nheg-edguide/,prefix,ok
https://publications.newheightseducation.org/category/nheg-edguide/2018-nheg-edguide/,/publications/category/nheg-edguide/2018-nheg-edguide/,prefix,ok
https://publications.newheightseducation.org/category/nheg-edguide/2019-nheg-edguide/,/publications/category/nheg-edguide/2019-nheg-edguide/,prefix,ok
https://publications.newheightseducation.org/category/nheg-edguide/2020-nheg-edguide/,/publications/category/nheg-edguide/2020-nheg-edguide/,prefix,ok
https://publications.newheightseducation.org/category/nheg-edguide/2021-nheg-edguide/,/publications/category/nheg-edguide/2021-nheg-edguide/,prefix,ok
https://publications.newheightseducation.org/category/nheg-edguide/2022-nheg-edguide/,/publications/category/nheg-edguide/2022-nheg-edguide/,prefix,ok
https://publications.newheightseducation.org/category/nheg-edguide/2023-nheg-edguide/,/publications/category/nheg-edguide/2023-nheg-edguide/,prefix,ok
https://publications.newheightseducation.org/category/nheg-edguide/2024-nheg-edguide/,/publications/category/nheg-edguide/2024-nheg-edguide/,prefix,ok
https://publications.newheightseducation.org/category/nheg-edguide/2025-nheg-edguide/,/publications/category/nheg-edguide/2025-nheg-edguide/,prefix,ok
https://publications.newheightseducation.org/category/nheg-edguide/2026-nheg-edguide/,/publications/category/nheg-edguide/2026-nheg-edguide/,prefix,ok
https://publications.newheightseducation.org/category/nheg-edguide/page/2/,/publications/category/nheg-edguide/page/2/,prefix,ok
https://publications.newheightseducation.org/category/nheg-edguide/page/3/,/publications/category/nheg-edguide/page/3/,prefix,ok
https://publications.newheightseducation.org/category/nheg-edguide/page/4/,/publications/category/nheg-edguide/page/4/,prefix,ok
https://publications.newheightseducation.org/category/nheg-edguide/page/5/,/publications/category/nheg-edguide/page/5/,prefix,ok
https://publications.newheightseducation.org/category/nheg-edguide/page/6/,/publications/category/nheg-edguide/page/6/,prefix,ok
https://publications.newheightseducation.org/category/nheg-edguide/page/7/,/publications/category/nheg-edguide/page/7/,prefix,ok
https://publications.newheightseducation.org/contact/,/publications/contact/,prefix,ok
https://publications.newheightseducation.org/differences-between-juicers-and-food-processors/,/publications/differences-between-juicers-and-food-processors/,prefix,ok
https://publications.newheightseducation.org/e-a-s-y-toons-issue-1-nheg/,/publications/e-a-s-y-toons-issue-1-nheg/,prefix,ok
https://publications.newheightseducation.org/e-a-s-y-toons-issue-2-nheg/,/publications/e-a-s-y-toons-issue-2-nheg/,prefix,ok
https://publications.newheightseducation.org/e-a-s-y-toons-issue-3-nheg/,/publications/e-a-s-y-toons-issue-3-nheg/,prefix,ok
https://publications.newheightseducation.org/e-a-s-y-toons-issue-4-nheg/,/publications/e-a-s-y-toons-issue-4-nheg/,prefix,ok
https://publications.newheightseducation.org/e-a-s-y-toons-issue-5-2023/,/publications/e-a-s-y-toons-issue-5-2023/,prefix,ok
https://publications.newheightseducation.org/e-a-s-y-toons-issue-6-2024/,/publications/e-a-s-y-toons-issue-6-2024/,prefix,ok
https://publications.newheightseducation.org/e-a-s-y-toons/,/publications/e-a-s-y-toons/,prefix,ok
https://publications.newheightseducation.org/e-a-s-ytoons-issue-7/,/publications/e-a-s-ytoons-issue-7/,prefix,ok
https://publications.newheightseducation.org/e-a-s-ytoons-video-trailer/,/publications/e-a-s-ytoons-video-trailer/,prefix,ok
https://publications.newheightseducation.org/edguide-jan-feb-2023/,/publications/edguide-jan-feb-2023/,prefix,ok
https://publications.newheightseducation.org/edguide-july-aug-2023/,/publications/edguide-july-aug-2023/,prefix,ok
https://publications.newheightseducation.org/edguide-may-june-2023/,/publications/edguide-may-june-2023/,prefix,ok
https://publications.newheightseducation.org/edguide-sept-oct-2023/,/publications/edguide-sept-oct-2023/,prefix,ok
https://publications.newheightseducation.org/fan-expo-canada-2019-offers-celebrities-cosplay-panels/,/publications/fan-expo-canada-2019-offers-celebrities-cosplay-panels/,prefix,ok
https://publications.newheightseducation.org/featured-posts-archive/,/publications/featured-posts-archive/,prefix,ok
https://publications.newheightseducation.org/fee-educational-articles/,/publications/fee-educational-articles/,prefix,ok
https://publications.newheightseducation.org/fitness-goal-secrets-revealed-here-for-the-first-time/,/publications/fitness-goal-secrets-revealed-here-for-the-first-time/,prefix,ok
https://publications.newheightseducation.org/fitness-whats-wrong-or-right-with-fitness-magazines/,/publications/fitness-whats-wrong-or-right-with-fitness-magazines/,prefix,ok
https://publications.newheightseducation.org/fitness-workouts-3-misconceptions-you-need-to-know-about-2/,/publications/fitness-workouts-3-misconceptions-you-need-to-know-about-2/,prefix,ok
https://publications.newheightseducation.org/fitness-workouts-3-misconceptions-you-need-to-know-about/,/publications/fitness-workouts-3-misconceptions-you-need-to-know-about/,prefix,ok
https://publications.newheightseducation.org/food-poisoning-causes-and-home-remedies/,/publications/food-poisoning-causes-and-home-remedies/,prefix,ok
https://publications.newheightseducation.org/getting-mentally-fit-so-you-can-be-physically-fit/,/publications/getting-mentally-fit-so-you-can-be-physically-fit/,prefix,ok
https://publications.newheightseducation.org/gujarati-food-maintaining-the-pride-of-india/,/publications/gujarati-food-maintaining-the-pride-of-india/,prefix,ok
https://publications.newheightseducation.org/home-4/,/publications/home-4/,prefix,ok
https://publications.newheightseducation.org/homeschool-world/,/publications/homeschool-world/,prefix,ok
https://publications.newheightseducation.org/how-do-i-tell-whether-food-is-recalled/,/publications/how-do-i-tell-whether-food-is-recalled/,prefix,ok
https://publications.newheightseducation.org/how-much-influence-does-package-have-on-food-marketing/,/publications/how-much-influence-does-package-have-on-food-marketing/,prefix,ok
https://publications.newheightseducation.org/illinois-high-schools-now-required-to-buy-insurance-for-athletes/,/publications/illinois-high-schools-now-required-to-buy-insurance-for-athletes/,prefix,ok
https://publications.newheightseducation.org/importance-of-food-packaging-design-in-enhancing-sales/,/publications/importance-of-food-packaging-design-in-enhancing-sales/,prefix,ok
https://publications.newheightseducation.org/importance-of-nutritional-supplements-for-all/,/publications/importance-of-nutritional-supplements-for-all/,prefix,ok
https://publications.newheightseducation.org/indianapolis-remains-undefeated-with-win-in-jacksonville/,/publications/indianapolis-remains-undefeated-with-win-in-jacksonville/,prefix,ok
https://publications.newheightseducation.org/invitational-games-for-the-deaf-taipei-2008-day-2-features-martial-art-events/,/publications/invitational-games-for-the-deaf-taipei-2008-day-2-features-martial-art-events/,prefix,ok
https://publications.newheightseducation.org/legislation-action-center-hslda/,/publications/legislation-action-center-hslda/,prefix,ok
https://publications.newheightseducation.org/medal-seeking-spanish-men-arrive-at-2014-goalball-world-championships/,/publications/medal-seeking-spanish-men-arrive-at-2014-goalball-world-championships/,prefix,ok
https://publications.newheightseducation.org/mockumentary-mister-america-has-world-premiere/,/publications/mockumentary-mister-america-has-world-premiere/,prefix,ok
https://publications.newheightseducation.org/myron-cope-pittsburgh-steelers-color-commentator-retires-after-a-35-year-career/,/publications/myron-cope-pittsburgh-steelers-color-commentator-retires-after-a-35-year-career/,prefix,ok
https://publications.newheightseducation.org/new-heights-show-on-education/,/publications/new-heights-show-on-education/,prefix,ok
https://publications.newheightseducation.org/nheg-edguide-2016/,/publications/nheg-edguide-2016/,prefix,ok
https://publications.newheightseducation.org/nheg-edguide-april-2016/,/publications/nheg-edguide-april-2016/,prefix,ok
https://publications.newheightseducation.org/nheg-edguide-december-2016/,/publications/nheg-edguide-december-2016/,prefix,ok
https://publications.newheightseducation.org/nheg-edguide-february-2016/,/publications/nheg-edguide-february-2016/,prefix,ok
https://publications.newheightseducation.org/nheg-edguide-february-2017/,/publications/nheg-edguide-february-2017/,prefix,ok
https://publications.newheightseducation.org/nheg-edguide-january-2016/,/publications/nheg-edguide-january-2016/,prefix,ok
https://publications.newheightseducation.org/nheg-edguide-january-2017/,/publications/nheg-edguide-january-2017/,prefix,ok
https://publications.newheightseducation.org/nheg-edguide-january-february-2018/,/publications/nheg-edguide-january-february-2018/,prefix,ok
https://publications.newheightseducation.org/nheg-edguide-january-february-2020-2/,/publications/nheg-edguide-january-february-2020-2/,prefix,ok
https://publications.newheightseducation.org/nheg-edguide-january-february-2020/,/publications/nheg-edguide-january-february-2020/,prefix,ok
https://publications.newheightseducation.org/nheg-edguide-january-february-2021/,/publications/nheg-edguide-january-february-2021/,prefix,ok
https://publications.newheightseducation.org/nheg-edguide-january-february-2022/,/publications/nheg-edguide-january-february-2022/,prefix,ok
https://publications.newheightseducation.org/nheg-edguide-january-february-2025/,/publications/nheg-edguide-january-february-2025/,prefix,ok
https://publications.newheightseducation.org/nheg-edguide-january-february-2026/,/publications/nheg-edguide-january-february-2026/,prefix,ok
https://publications.newheightseducation.org/nheg-edguide-july-august-2017/,/publications/nheg-edguide-july-august-2017/,prefix,ok
https://publications.newheightseducation.org/nheg-edguide-july-august-2018/,/publications/nheg-edguide-july-august-2018/,prefix,ok
https://publications.newheightseducation.org/nheg-edguide-july-august-2019/,/publications/nheg-edguide-july-august-2019/,prefix,ok
https://publications.newheightseducation.org/nheg-edguide-july-august-2020/,/publications/nheg-edguide-july-august-2020/,prefix,ok
https://publications.newheightseducation.org/nheg-edguide-july-august-2021/,/publications/nheg-edguide-july-august-2021/,prefix,ok
https://publications.newheightseducation.org/nheg-edguide-july-august-2022/,/publications/nheg-edguide-july-august-2022/,prefix,ok
https://publications.newheightseducation.org/nheg-edguide-july-august-2026/,/publications/nheg-edguide-july-august-2026/,prefix,ok
https://publications.newheightseducation.org/nheg-edguide-july-august-25/,/publications/nheg-edguide-july-august-25/,prefix,ok
https://publications.newheightseducation.org/nheg-edguide-june-2016/,/publications/nheg-edguide-june-2016/,prefix,ok
https://publications.newheightseducation.org/nheg-edguide-march-april-2017/,/publications/nheg-edguide-march-april-2017/,prefix,ok
https://publications.newheightseducation.org/nheg-edguide-march-april-2018/,/publications/nheg-edguide-march-april-2018/,prefix,ok
https://publications.newheightseducation.org/nheg-edguide-march-april-2019/,/publications/nheg-edguide-march-april-2019/,prefix,ok
https://publications.newheightseducation.org/nheg-edguide-march-april-2021/,/publications/nheg-edguide-march-april-2021/,prefix,ok
https://publications.newheightseducation.org/nheg-edguide-march-april-2022/,/publications/nheg-edguide-march-april-2022/,prefix,ok
https://publications.newheightseducation.org/nheg-edguide-march-april-2023/,/publications/nheg-edguide-march-april-2023/,prefix,ok
https://publications.newheightseducation.org/nheg-edguide-march-april-2025/,/publications/nheg-edguide-march-april-2025/,prefix,ok
https://publications.newheightseducation.org/nheg-edguide-march-april-2026/,/publications/nheg-edguide-march-april-2026/,prefix,ok
https://publications.newheightseducation.org/nheg-edguide-may-2016/,/publications/nheg-edguide-may-2016/,prefix,ok
https://publications.newheightseducation.org/nheg-edguide-may-june-2017/,/publications/nheg-edguide-may-june-2017/,prefix,ok
https://publications.newheightseducation.org/nheg-edguide-may-june-2019/,/publications/nheg-edguide-may-june-2019/,prefix,ok
https://publications.newheightseducation.org/nheg-edguide-may-june-2020/,/publications/nheg-edguide-may-june-2020/,prefix,ok
https://publications.newheightseducation.org/nheg-edguide-may-june-2021/,/publications/nheg-edguide-may-june-2021/,prefix,ok
https://publications.newheightseducation.org/nheg-edguide-may-june-2022/,/publications/nheg-edguide-may-june-2022/,prefix,ok
https://publications.newheightseducation.org/nheg-edguide-may-june-2025/,/publications/nheg-edguide-may-june-2025/,prefix,ok
https://publications.newheightseducation.org/nheg-edguide-may-june-2026/,/publications/nheg-edguide-may-june-2026/,prefix,ok
https://publications.newheightseducation.org/nheg-edguide-november-2016/,/publications/nheg-edguide-november-2016/,prefix,ok
https://publications.newheightseducation.org/nheg-edguide-november-december-2017/,/publications/nheg-edguide-november-december-2017/,prefix,ok
https://publications.newheightseducation.org/nheg-edguide-november-december-2018/,/publications/nheg-edguide-november-december-2018/,prefix,ok
https://publications.newheightseducation.org/nheg-edguide-november-december-2019/,/publications/nheg-edguide-november-december-2019/,prefix,ok
https://publications.newheightseducation.org/nheg-edguide-november-december-2020/,/publications/nheg-edguide-november-december-2020/,prefix,ok
https://publications.newheightseducation.org/nheg-edguide-november-december-2021/,/publications/nheg-edguide-november-december-2021/,prefix,ok
https://publications.newheightseducation.org/nheg-edguide-november-december-2022/,/publications/nheg-edguide-november-december-2022/,prefix,ok
https://publications.newheightseducation.org/nheg-edguide-november-december-2024/,/publications/nheg-edguide-november-december-2024/,prefix,ok
https://publications.newheightseducation.org/nheg-edguide-november-december-2025/,/publications/nheg-edguide-november-december-2025/,prefix,ok
https://publications.newheightseducation.org/nheg-edguide-october-2016/,/publications/nheg-edguide-october-2016/,prefix,ok
https://publications.newheightseducation.org/nheg-edguide-september-2016/,/publications/nheg-edguide-september-2016/,prefix,ok
https://publications.newheightseducation.org/nheg-edguide-september-october-2017/,/publications/nheg-edguide-september-october-2017/,prefix,ok
https://publications.newheightseducation.org/nheg-edguide-september-october-2018/,/publications/nheg-edguide-september-october-2018/,prefix,ok
https://publications.newheightseducation.org/nheg-edguide-september-october-2019/,/publications/nheg-edguide-september-october-2019/,prefix,ok
https://publications.newheightseducation.org/nheg-edguide-september-october-2020/,/publications/nheg-edguide-september-october-2020/,prefix,ok
https://publications.newheightseducation.org/nheg-edguide-september-october-2021/,/publications/nheg-edguide-september-october-2021/,prefix,ok
https://publications.newheightseducation.org/nheg-edguide-september-october-2022/,/publications/nheg-edguide-september-october-2022/,prefix,ok
https://publications.newheightseducation.org/nheg-edguide-september-october-2024/,/publications/nheg-edguide-september-october-2024/,prefix,ok
https://publications.newheightseducation.org/nheg-edguide-september-october-2025/,/publications/nheg-edguide-september-october-2025/,prefix,ok
https://publications.newheightseducation.org/nheg-edguide-september-october-2026/,/publications/nheg-edguide-september-october-2026/,prefix,ok
https://publications.newheightseducation.org/offerings/,/publications/offerings/,prefix,ok
https://publications.newheightseducation.org/ohio-department-of-education-and-workforce/,/publications/ohio-department-of-education-and-workforce/,prefix,ok
https://publications.newheightseducation.org/popular-products-archive/,/publications/popular-products-archive/,prefix,ok
https://publications.newheightseducation.org/post-1/,/publications/post-1/,prefix,ok
https://publications.newheightseducation.org/post-2/,/publications/post-2/,prefix,ok
https://publications.newheightseducation.org/post-3/,/publications/post-3/,prefix,ok
https://publications.newheightseducation.org/samoan-government-temporarily-shuts-down-for-nationwide-measles-vaccination-drive/,/publications/samoan-government-temporarily-shuts-down-for-nationwide-measles-vaccination-drive/,prefix,ok
https://publications.newheightseducation.org/snowmobiler-caleb-moore-dies-from-injuries-sustained-during-the-winter-x-games-xvii/,/publications/snowmobiler-caleb-moore-dies-from-injuries-sustained-during-the-winter-x-games-xvii/,prefix,ok
https://publications.newheightseducation.org/south-korean-mens-national-goalball-team-defeats-algeria-4-3/,/publications/south-korean-mens-national-goalball-team-defeats-algeria-4-3/,prefix,ok
https://publications.newheightseducation.org/stampede-during-funeral-procession-of-qasem-soleimani-causes-deaths-delays-burial/,/publications/stampede-during-funeral-procession-of-qasem-soleimani-causes-deaths-delays-burial/,prefix,ok
https://publications.newheightseducation.org/study-people-infected-by-new-coronavirus-likely-hundreds-more-than-confirmed/,/publications/study-people-infected-by-new-coronavirus-likely-hundreds-more-than-confirmed/,prefix,ok
https://publications.newheightseducation.org/tag/distance-learning/,/publications/tag/distance-learning/,prefix,ok
https://publications.newheightseducation.org/tag/educational-magazine/,/publications/tag/educational-magazine/,prefix,ok
https://publications.newheightseducation.org/tag/home-school/,/publications/tag/home-school/,prefix,ok
https://publications.newheightseducation.org/tag/nheg-edguide/,/publications/tag/nheg-edguide/,prefix,ok
https://publications.newheightseducation.org/tag/onlinelearning/,/publications/tag/onlinelearning/,prefix,ok
https://publications.newheightseducation.org/tag/parent-support/,/publications/tag/parent-support/,prefix,ok
https://publications.newheightseducation.org/tag/students/,/publications/tag/students/,prefix,ok
https://publications.newheightseducation.org/tag/teacher-support/,/publications/tag/teacher-support/,prefix,ok
https://publications.newheightseducation.org/tips-to-choose-best-fitness-equipment-cleaning-machines/,/publications/tips-to-choose-best-fitness-equipment-cleaning-machines/,prefix,ok
https://publications.newheightseducation.org/torontos-anime-north-2019-brings-thousands-of-fans-together/,/publications/torontos-anime-north-2019-brings-thousands-of-fans-together/,prefix,ok
https://publications.newheightseducation.org/u-s-house-formalizes-rules-for-trump-impeachment-proceedings/,/publications/u-s-house-formalizes-rules-for-trump-impeachment-proceedings/,prefix,ok
https://publications.newheightseducation.org/why-junk-food-is-bad-for-you/,/publications/why-junk-food-is-bad-for-you/,prefix,ok
https://publications.newheightseducation.org/why-the-fitbit-ultra-is-the-best-personal-fitness-tracker/,/publications/why-the-fitbit-ultra-is-the-best-personal-fitness-tracker/,prefix,ok
https://publications.newheightseducation.org/wikinews-interviews-tyan-taylor-australian-goalball-player/,/publications/wikinews-interviews-tyan-taylor-australian-goalball-player/,prefix,ok
https://publications.newheightseducation.org/world-cuisine-best-food-in-the-world-by-country/,/publications/world-cuisine-best-food-in-the-world-by-country/,prefix,ok
https://publications.newheightseducation.org/your-physical-fitness-definition-will-determine-your-success/,/publications/your-physical-fitness-definition-will-determine-your-success/,prefix,ok
https://radio.newheightseducation.org/,/radio/,prefix,ok
https://radio.newheightseducation.org/anna-shi/,/radio/anna-shi/,prefix,ok
https://radio.newheightseducation.org/author/newheightseducation/,/radio/author/newheightseducation/,prefix,ok
https://radio.newheightseducation.org/barbara-bullen/,/radio/barbara-bullen/,prefix,ok
https://radio.newheightseducation.org/briana-dincher/,/radio/briana-dincher/,prefix,ok
https://radio.newheightseducation.org/buffie-williams/,/radio/buffie-williams/,prefix,ok
https://radio.newheightseducation.org/category/uncategorized/,/radio/category/uncategorized/,prefix,ok
https://radio.newheightseducation.org/charlotte-d-mcguire/,/radio/charlotte-d-mcguire/,prefix,ok
https://radio.newheightseducation.org/erika-hanson/,/radio/erika-hanson/,prefix,ok
https://radio.newheightseducation.org/footer/,/radio/footer/,prefix,ok
https://radio.newheightseducation.org/freddie-bandola-jr/,/radio/freddie-bandola-jr/,prefix,ok
https://radio.newheightseducation.org/kaden-behan/,/radio/kaden-behan/,prefix,ok
https://radio.newheightseducation.org/kathy-woodring/,/radio/kathy-woodring/,prefix,ok
https://radio.newheightseducation.org/manya-shukla/,/radio/manya-shukla/,prefix,ok
https://radio.newheightseducation.org/maria-ortiz/,/radio/maria-ortiz/,prefix,ok
https://radio.newheightseducation.org/pamela-clark/,/radio/pamela-clark/,prefix,ok
https://radio.newheightseducation.org/past-announcements/,/radio/past-announcements/,prefix,ok
https://radio.newheightseducation.org/priscilena-shearon/,/radio/priscilena-shearon/,prefix,ok
https://radio.newheightseducation.org/sadia-eijaz/,/radio/sadia-eijaz/,prefix,ok
https://radio.newheightseducation.org/shannon-williamson/,/radio/shannon-williamson/,prefix,ok
https://radio.newheightseducation.org/taibat-olaniyan/,/radio/taibat-olaniyan/,prefix,ok
https://radio.newheightseducation.org/uncategorized/hello-world/,/radio/uncategorized/hello-world/,prefix,ok
https://radio.newheightseducation.org/victoria-lowery/,/radio/victoria-lowery/,prefix,ok
